video_id,ts,view_count
wQZd93U4ocM,1754891002,841026
rwWK4WX2qaI,1754891002,1139665
KBvtvnYmi5w,1754891002,869626
zTMb31shzqg,1754891002,421511
vD8QDQ0_4N0,1754891002,1114475
jsuKKJmEuOQ,1754891002,876197
zRHUUAL5zog,1754891002,220336
MPQCtlrMOp8,1754891002,1144255
TnuofQt7GTI,1754891002,907959
O_0Wn73AnC8,1754891002,3167935
SHTF9ArFQCE,1754891002,249638
3bEZj5SbXLY,1754891002,153386
DjaCGge3Mzk,1754891002,285819
Z6Fo9U-_6AA,1754891002,1752737
60VpgdjtL3s,1754891002,146383
cIHbfO1G8Bg,1754891002,319273
xBocmjcn1MI,1754891002,219505
LeG3jPeeMec,1754891002,610123
ShxQ7N_KGuY,1754891002,583349
dku79-2_SCQ,1754891002,160393
eq36Q5RzHoQ,1754891002,323271
KDnKIryNPgQ,1754891002,303999
ORaTxZgMAnY,1754891002,697373
9Z97tEfd2Ws,1754891002,249912
IZNbYkhmfZs,1754891002,1190596
rXU7je1_Ons,1754891002,915265
tnbfeAFu7OY,1754891002,304827
6MWlBf2lhno,1754891002,633460
4Z_P1gfpZrI,1754891002,1312769
0loJa3UvZXo,1754891002,574654
QhxnImk2GFQ,1754891002,1067774
bqWqhWcOedk,1754891002,468715
hbzNfz0im0I,1754891002,295954
vGmQrRVEvJ8,1754891002,5632288
CcXAQ6xhBsA,1754891002,894395
eWqG8qsOoAg,1754891002,490300
1u-6OEpp_Ek,1754891002,216339
p5CoPVIhXgM,1754891002,583156
xptCUHbdI-c,1754891002,83542
kR9TrOxuf0Y,1754891002,93076
XVGCAphlSfI,1754891002,74562
UlQflwXEp1c,1754891002,79970
KgIvHe5KDMw,1754891002,85403
KRuA-YkG77k,1754891002,70622
GJDzJQpwXXQ,1754891002,73024
FWk3Z8FoHQ0,1754891002,66095
MWE9AedGhXY,1754891002,3655159
hLcbc5L8vI8,1754891002,31374
_vsPcevFIyk,1754891002,4625879
npaSGtAVmtM,1754891002,224754
Aqd4zAFjgTs,1754891002,69959
uGpgoM2Bd0o,1754891002,211803
m4DVbm9zeR0,1754891002,13086001
ro7oK6AsXfg,1754891002,676550
b6-JNeXxN3s,1754891002,51109078
zp0CXkhw_K4,1754891002,1306066
RRLAiwPgukI,1754891002,3632567
ab4cwQOMqLY,1754891002,5619765
7N2AyEj2TyY,1754891002,9607011
doEjuluqimA,1754891002,14348385
jiGFVNMWkbk,1754891002,78949
zDkUDVK_eeA,1754891002,58086
roPuoqsGzIg,1754891002,1856346
mr38NDV9ukM,1754891002,152598
CBCu1gB38B8,1754891002,201047
PY4cjoUfXXU,1754891002,282498
mANvg9R1xeI,1754891002,300564
SSaaupR7TGQ,1754891002,104146
PRWockrwEXU,1754891002,57330594
PvOYrm_JZc8,1754891002,84225454
yag45vXzPLs,1754891002,160346
8wuXlwBdK4o,1754891002,181301
N3P8uMWfuvc,1754891002,443674
B_59lBNjosE,1754891002,375841
NBIJ60jbCFk,1754891002,208166
HY-385Mj5ZY,1754891002,170485
yEFpjAqQjb8,1754891002,20928
CFTGp_hhQvk,1754891002,240906
ePX4xeTAcjo,1754891002,200756
rUsUANg7mJU,1754891002,318574
8kdv7wsz-Us,1754891002,340644
v4Ku_-q1e7c,1754891002,219794
Xto29mrzrYs,1754891002,551729
ECMay7-AVJc,1754891002,222822
W9TIOKxd3zE,1754891002,91888
dxErxB5E2Ks,1754891002,373705
VYe7EKdq9r8,1754891002,513065
Q5taYH424Pc,1754891002,133087040
nZAN4wt0gIM,1754891002,137897
CzvtgDBjQ2I,1754891002,1231077
pNe7nYdPOGQ,1754891002,333825
nF8PfgE8w_g,1754891002,192563
IlapqLUguFQ,1754891002,222803
bS0k5LEl3-w,1754891002,440167
eN193OtY1W8,1754891002,913581
-HGVKUBv59w,1754891002,156975
5MKilEbDLh4,1754891002,1682394
s3pNSLFNWSk,1754891002,365091
MVB1cbe923A,1754891002,108085
HOMXxrSrNuw,1754891002,75979
Q7mS1VHm3Yw,1754891002,311369
G4MBc40rQ2k,1754891002,102800
5OwcsVw-N8k,1754891002,113828
Ml16g_qNIqw,1754891002,725
KyyDuxjVI7Y,1754891002,1428
amJNZxofSZk,1754891002,850071
yzr2rXRGJz8,1754891002,15358108
t5jAJgffdJ4,1754891002,1382180
tBIBSmTj74A,1754891002,614699
M-nWBQp5jO4,1754891002,62425
cOJwGIqG0WE,1754891002,1494522
toKKnzy5eM0,1754891002,71999
W1FzfKrT5LM,1754891002,4414433
lLtktmvjFuI,1754891002,46991
ZhIVZHEh-7w,1754891002,457273
1vSV9_dyqWI,1754891002,12872
6jig0F2350o,1754891002,11737904
1h648ZlJFtM,1754891002,400213
KnZEH3-9pnM,1754891002,4236280
j8H3QjR0dKc,1754891002,4249453
jrmN1zggt_k,1754891002,1406661
n1jnnq4XMEo,1754891002,67216
QxB6FspDfGU,1754891002,1082865
9dFRUUYMdNE,1754891002,6561334
cN3rRKkri94,1754891002,655196
apxyY0Kue10,1754891002,69988
QiqAOJjgIo0,1754891002,6149
2rZoi97cy4s,1754891002,4890081
6DmXlJwaP0I,1754891002,3165537
KkN6I3gZfGI,1754891002,4345863
nHqMt-7SGUw,1754891002,1531557
Q2A2iD_wJOs,1754891002,4356
leQAuJSNKqg,1754891002,26501
7MpAQeeep-U,1754891002,261596
dLxUlyYw2dk,1754891002,19981
_1_qEqY0siE,1754891002,6797
fPkJn68u7EE,1754891002,46378
KbiE2E7mDtc,1754891002,127
2P9gPux6UfI,1754891002,85417
lBAaWUJG2rE,1754891002,774844
l3NRp5l7kao,1754891002,41684
f9E7vVh2hYs,1754891002,1112501
6WXHWKDEbIs,1754891002,78746
iEwpMrfEsM4,1754891002,115695
fjenr_pN_ns,1754891002,344439
xtfUT3YRPFo,1754891002,6369915
vPlfKmILF6g,1754891002,741180
Tfifs6lJR9I,1754891002,841847
SFT7ZhuIoUc,1754891002,427373
mnKyg3K1O1g,1754891002,697595
l3nB7zC5CSI,1754891002,11841
wMxj6iB92ZA,1754891002,327917
YF5g5TgRp4Q,1754891002,24120
iFz04-XX9ZQ,1754891002,324888
SC2eSujzrUY,1754891002,19159656
zOjov-2OZ0E,1754891002,9974877
wN0x9eZLix4,1754891002,2883639
Fg4pu80uTI0,1754891002,30153
-Ld-Vppy6xg,1754891002,60347
90xnt2yRDWU,1754891002,14466
pR082M8rq50,1754891002,18862
a6eOyL5Xx0Y,1754891002,86927
PFQ3G3hJvgg,1754891002,1421515
SO7FFteErWs,1754891002,7794657
V9am6bbxG0s,1754891002,5589565
nh7fdZ4pv_Q,1754891002,147741
4193LcWHiso,1754891002,320926
GEyok0IzYUE,1754891002,15630
VjgWbcpVZVw,1754891002,609149
fgXOjFiFvIg,1754891002,12324
P4NuvWK0ZFY,1754891002,20180
fZdTCk0fKh0,1754891002,545255
qCqDz74kFkA,1754891002,91530
YBxx29AkzlA,1754891002,6345254
FIiTqBqIEJU,1754891002,2216555
zcx2L29b8eI,1754891002,722616
onXn0YUmeWQ,1754891002,12157445
meZ08t_bAyg,1754891002,803270
2aqUXrxxQyM,1754891002,133653
Ekuc7MBhkdc,1754891002,943844
GHACj27SqSM,1754891002,1878174
7KYMJrDM9AY,1754891002,1654461
XTFsNqaqrjA,1754891002,9099228
DIcPcSxNIeQ,1754891002,106784
T9KnTQPhLYI,1754891002,885978
Q0MwtDPDIj4,1754891002,124150
IuPL11CGz74,1754891002,152337
KQObIZhpZa8,1754891002,188597
jFHdkrNKRNE,1754891002,69727
vatoACb4WaM,1754891002,370923
vwJeN0xy_Ts,1754891002,435351
8yueh8DkLZQ,1754891002,13087
LgcbrAGfBvs,1754891002,453676
bTUuhowUTvc,1754891002,254968
yTqc-p4sAgs,1754891002,150188
GR1ruAFYvYs,1754891002,241004
P_fHJIYENdI,1754891002,9276711
JvnhRfJ7-us,1754891002,98047
eZVun8Iwq4U,1754891002,944011
fX0zirWy1yo,1754891002,3092347
vwj6--NJaHg,1754891002,4567958
Rkija3HwJ-0,1754891002,551734
I3HPFoKrOPY,1754891002,2952320
cfsKtaED0Hw,1754891002,227723
VYYIir3M50I,1754891002,16000
FMIoxmCSCHo,1754891002,1485715
7i_HoM12UE8,1754891002,35819
VOJ5hYyPPr0,1754891002,3274
-eGwUExKEps,1754891002,12657
kOqX2pGHYPw,1754891002,52935
Kx1S7sOVHcQ,1754891002,41243
md5C86tbQ0k,1754891002,892918
sPm9pynCS0k,1754891002,3965170
lcU5LGYcTow,1754891002,4642
eGWyhteQfTM,1754891002,215760
WwxDIunwqjQ,1754891002,349986
EnVSqLg6xao,1754891002,2692652
kT06Ir1XWXw,1754891002,282736
AEInDRlHRtk,1754891002,2875
X2cbbGqrxn4,1754891002,505121
vfwtOi06mQc,1754891002,270554
cufJ_PObL3g,1754891002,6222136
SPCUwChFXgE,1754891002,131592
o5YI_GRB18s,1754891002,5227
B1qRoJZh7V4,1754891002,1852075
FNayuJKzaI8,1754891002,2731
pjP_RKJcczw,1754891002,10085
9IiYOTzJ2uw,1754891002,16285373
NNOkMRw78t8,1754891002,16381959
DdjN4ddnl2E,1754891002,4489368
E2O2Qs6B6JA,1754891002,11675
4u9QY8-wmfE,1754891002,10435
KdKZA74hhJg,1754891002,608714
Q0xlHAFsPio,1754891002,483395
pe_ejTiIcSs,1754891002,182845743
XZB9eG2wYow,1754891002,6429671
hj5Xv2L2X4M,1754891002,27254390
OLkmcGdugzI,1754891002,1346380
q7KsPnCd-mE,1754891002,200106
r0h6hYy8jaY,1754891002,57
mQS1tCQUiAM,1754891002,3223463
bB6sNC0-e1k,1754891002,1218692
KlUnq0IkgNc,1754891002,183
1Vpt4ZNNIPo,1754891002,414103
xrgYvlDVbms,1754891002,43871
tzCrm2TQ_CI,1754891002,67106
5F98nPAON3s,1754891002,60997
VMGR-v0ZoPs,1754891002,134197
fhc7UhSuorA,1754891002,124385
0rxxxocO7lM,1754891002,215564
Hj1EVPC3z4E,1754891002,90616
Wj6DHG0X66k,1754891002,7014329
aeCI0ObFY8M,1754891002,10587269
hG0dxh149wg,1754891002,564698
aMcDwgPgj4w,1754891002,2580613
MzKfOvZxNko,1754891002,1675537
LElOSR7cJyM,1754891002,25026105
8u1Bnxn9PTY,1754891002,4155002
V7707zEX9X4,1754891002,8689514
NcHDcfsm7DY,1754891002,179816
mCcR4c4dA6w,1754891002,19074
eURVLSud7aE,1754891002,62145
3vkabK9u0qA,1754891002,378782
UAM1Ia5ZIp8,1754891002,3432599
rFRLn2wK6TQ,1754891002,970077
C2HvVXDH9ls,1754891002,56254
Bx4BYXOE9SQ,1754891002,232657
VJgdOMXhEj0,1754891002,7623481
BwCGWSoAgj8,1754891002,9866447
IrFWHMYAQiU,1754891002,1081589
-QTkPfq7w1A,1754891002,8393761
5JMYh1UkhIA,1754891002,2609337
8WIAAf0h1r8,1754891002,349024
Yhik0hGWm_4,1754891002,22597
mLMUJHq1lQM,1754891002,11195
54eoO-fABpc,1754891002,2230471
aza6to3dHdk,1754891002,36204
TU1SlvlQ_jY,1754891002,148219880
ZG0Wbfm_mdU,1754891002,67648
R2OAISI1HMI,1754891002,1285589
vlOe558fUE0,1754891002,13695309
Mgt3jTbq2Ng,1754891002,2618143
3frxUw8OrG0,1754891002,530950
xwvykNL8Bpk,1754891002,608170
LXbtQlB0LsI,1754891002,353258
m3AxiVQj_lE,1754891002,1975478
TKmUyyUISIQ,1754891002,134428
U5W4LALZ47A,1754891002,6169991
giww9GQF_BI,1754891002,1395786
BRVscbNz-PA,1754891002,1187355
RX4Bc_WqAPw,1754891002,2955394
o8ezVPko3-s,1754891002,1068160
iauA22Y_j6s,1754891002,5726955
nDSpxYkLeN8,1754891002,3286058
rBZVmrBBlZo,1754891002,2712783
tvJjhTGZR-o,1754891002,1219388
Yv4NmnRwLRA,1754891002,883265
ehTAsL9zLfU,1754891002,970343
rs7nk8cFz7c,1754891002,15947692
xvL01Yufu-8,1754891002,181531
DlQskUgzlHM,1754891002,703005
TmwZAzrXOxU,1754891002,166981
EDWpqb5xmv4,1754891002,70387
wVjHpcFG6vY,1754891002,451806
CT2u0lgyFog,1754891002,8197
-ApZxvnS48I,1754891002,89202
cyIJqFPKrg0,1754891002,56356
daWr9xnkKS4,1754891002,7322305
gs_oGravcpA,1754891002,8784308
eZsCoBNl3B0,1754891002,2479419
FWAdfuPpLOc,1754891002,138507264
fcYQiAMoYJw,1754891002,1505766
nQmFpa3yxxg,1754891002,471859
GSW2zMBAGic,1754891002,94959
PGeuOtwDquE,1754891002,5796724
ALesKfHj9n4,1754891002,7668735
lSYnyXb1VNg,1754891002,141222
kpZ5ITd0P0g,1754891002,550223
2AriH2BNp4E,1754891002,556824
oR94--iHzeE,1754891002,103465
NIrgHDXJJbU,1754891002,6335
ZlF8s9ouNJs,1754891002,1551
Gx6WPpjvCc8,1754891002,660777
qfeWtTH39Qg,1754891002,86868
bFy6jTEHlzQ,1754891002,933094
L5z_OwNODWo,1754891002,470082
PQmdiIMYB2c,1754891002,1931002
9tgpy9yQF8s,1754891002,3596270
kPfNvAx3c_8,1754891002,2165455
BaAz5es86BU,1754891002,3942
PBRy5xu8ajY,1754891002,404063
yHLL5a6cRik,1754891002,2275062
cETYelpA9bk,1754891002,5317799
oZzLy_mJrSs,1754891002,5
Efcdtl9_BIs,1754891002,1827168
9kYDqpXTvbM,1754891002,670
oQqYLdYWoeM,1754891002,294604
I2pOXwZbxSQ,1754891002,1634591
PB-Fb_5u97Q,1754891002,517585
FYyjcU387fQ,1754891002,116302
C4w4jl4ODAk,1754891002,515586
Dt-JGu52-h8,1754891002,242644
nhMiRpWbTHc,1754891002,356
bajsBv_K7PA,1754891002,284912
NuVYL-OXx4M,1754891002,9556424
JP68g6YsZ0c,1754891002,95887
JUbboqGa-dc,1754891002,6340606
JUaOFaI2UnY,1754891002,5765594
ZHl_C1W5hIU,1754891002,143907
HP1Jxmatz9w,1754891002,125436
jqD5w618QZ8,1754891002,227997
vQGFD-yF438,1754891002,135574
UvVXdBant0M,1754891002,43672
lVS76zcpZok,1754891002,1126508
gZDG-gljGmU,1754891002,1921992
qc5Ct6pNGkk,1754891002,1117
ndXIvDR1Ix8,1754891002,508226
GcGTofZU2i4,1754891002,477164
hDyO5pI9qVU,1754891002,91774
gbfEmsh3YgI,1754891002,72248
n_UIDXdlwUs,1754891002,106195
AlrowLw4dKE,1754891002,693146
NBt60JiIUTA,1754891002,52389651
JKmz12d-Eto,1754891002,2468264
-jYQ4La9Tv4,1754891002,106892
UU_BrWawbP0,1754891002,2366077
mWfRj7jo2ZM,1754891002,1819389
C2-MpVO86Js,1754891002,1684561
yApM21L0GgY,1754891002,5613525
1o2Nb_3cRYU,1754891002,741350
ekFm9Y-lsAc,1754891002,38244780
6dmTmP4Dsw8,1754891002,112874233
L0MK7qz13bU,1754891002,3554251130
ZrX1XKtShSI,1754891002,410382216
gIOyB9ZXn8s,1754891002,693154226
nrZxwPwmgrw,1754891002,601912855
IyO-vdsgq1s,1754891002,70277863
nLGBEETtEPc,1754891002,442969450
nVW9QOIeqQg,1754891002,232485888
LoxoKEQb1tQ,1754891002,1614486
v4KwC3vanEg,1754891002,1830323
tqT039Sicxs,1754891002,58460
2fCrinbWVQ4,1754891002,21311264
vgxGhzuhZg4,1754891002,492266
DIDyp8Hum7s,1754891002,123660
JPNAM-C6clk,1754891002,2973906
cjtMLginny0,1754891002,4328927
bn2wVSc9pY8,1754891002,785143
0-1CW_rtsng,1754891002,340796
Lmz_jFsKdpE,1754891002,200005
OQaVGdhsa4c,1754891002,2592564
895SLIsm2MA,1754891002,4509915
oTmX8gp2gMM,1754891002,127431
l8A0_4GZ3Nw,1754891002,1337767
BRw5_UbFD14,1754891002,934512
TO5PjJcLDgE,1754891002,433208
fSpYDpaN_Ek,1754891002,52573
gDL8w_Qnsgc,1754891002,1390832
L0i3ccf6rqo,1754891002,3881
MCYpXg9CNm8,1754891002,2383249
pnow3A6Gz5E,1754891002,1587421
nZXd0TMEJfo,1754891002,3872615
SxczOhNtGTw,1754891002,137765
XDn-g19708o,1754891002,1685823
VyRiGoSgGCo,1754891002,177090433
YrO448xQ_aM,1754891002,1326606
LO7gh1dwQOE,1754891002,535
Ks_1qAXFZw4,1754891002,3825
cQrWS_HJTlI,1754891002,3028
mg5CRvO8gmI,1754891002,4319
ixPeo9TfCAg,1754891002,1405
d9AkQN-UMlU,1754891002,1198
Hr6Z1vNrS2Y,1754891002,4162
A_CSVlGqwJc,1754891002,4804
VXaRjzAsD2U,1754891002,2510
A1Xh-ddA2rE,1754891002,1034
OdRcH4L66a4,1754891002,7428
2hTOMV1MTo4,1754891002,9168
MuzOJIgJBSc,1754891002,52225
m9qmdqXJwrc,1754891002,92555
TxY3oeAotzs,1754891002,154757
sG3Kk0k8BB4,1754891002,14240
PQCcBHzhtAo,1754891002,3933
D4QpWeBNFE4,1754891002,26756
0wVoATy2BMc,1754891002,58749
sJqn3TeQlJc,1754891002,8070
fZI8GGBHddI,1754891002,7015
XGlQsYy9ARc,1754891002,4363
bAg1fc17PEw,1754891002,6872
UR6KBLQ3KD8,1754891002,3591
CC74j4dT-xc,1754891002,15537
Dvr_iY_9yxQ,1754891002,119723
zwyxjmTSubg,1754891002,33593
opM3WVTXME0,1754891002,1817528
oXPxfCyfJgE,1754891002,25923
fSjd732uekE,1754891002,261110
9w4jvRLR7M8,1754891002,43561
VTz1hNngZpE,1754891002,485192
K2GlE-dFTzE,1754891002,914665
X5n4KcvLUXI,1754891002,334696
hrPtK5D5yn4,1754891002,5779041
NyTKzFzm7AE,1754891002,743314
Zftv6Kh2zi4,1754891002,1253636
gHz9q2oiL1Y,1754891002,933467
F5ShDcJl4qQ,1754891002,888710
0zTOd9trqEo,1754891002,843485
dsDy5VAw-xo,1754891002,1085709
lSwkoIQLFLo,1754891002,1123172
EJFAw1VRcsA,1754891002,1721854
LI7TAYyQF0w,1754891002,241501
9h300NSYNVo,1754891002,351831
9KxMl-jrMBg,1754891002,422839
i3XLmY7-_Q4,1754891002,247792
0ym649vNZ4s,1754891002,351193
MboqTIomxro,1754891002,430470
xVJco84nbdY,1754891002,363133
xezL68IRkjE,1754891002,471156
sgCLXGtoqXE,1754891002,4153090
SzCcYrsaDQo,1754891002,22876
gC-rT9h9ESs,1754891002,20378
3oRsi4BfnLs,1754891002,569433
EurHdcB_z-Y,1754891002,33095
1TkhhUA9Z-0,1754891002,41331
A6Ga-OH2qrw,1754891002,431523
PxHKRHs6tmI,1754891002,33055
xn681HRFO2Q,1754891002,1028010
q68CCGX29gw,1754891002,1611724
StCrbLGtjHg,1754891002,53124
bC_BreG_oQI,1754891002,58322
e5SCQtcfJf0,1754891002,3273838
viNoaRQd1vE,1754891002,57496
N0K0m7dZBJI,1754891002,7799
fxx_E0ojKrc,1754891002,16887
OlAmyf8_4O4,1754891002,18280
IJ85kCdqWao,1754891002,32873
C7UI_4jIGSQ,1754891002,16309
ku6HZ_k9qgY,1754891002,34071
vT5pcc30Ffw,1754891002,36908
m7nkioXNiik,1754891002,16094
HaUe2AN210g,1754891002,26248
ZvZ7gvcmPmI,1754891002,33224
Z_c4byLrNBU,1754891002,102626
clTpnp0TlYg,1754891002,20888
XSJD5ay1D_8,1754891002,13293
0xah5jMflcI,1754891002,20495
ilotANpzN7I,1754891002,15399
sYAOIKAdUZg,1754891002,560571
Tgc-V-ux5pU,1754891002,6856342
oz05HJbekJI,1754891002,5180439
3IcbV2hFaqo,1754891002,5400076
NXd3NTGPdNc,1754891002,7338714
JkS0kLVrm6w,1754891002,8056245
4TRmfKr-SoU,1754891002,6318528
KxXlp7r8Ub4,1754891002,6695988
J8MLVlNbpwE,1754891002,6043722
i9vXEuMe7s0,1754891002,7409870
-ay8X3UEvTQ,1754891002,11551880
AVhnxyXof6E,1754891002,7557885
DqWMy9BvCnE,1754891002,7235435
AC1jbHVcRMA,1754891002,61417
gyjRT6WlLUU,1754891002,428949
kIAuXcKsrxk,1754891002,99202
fRzSgozxSsE,1754891002,155552
_eR49IXHT-o,1754891002,253727
EIW38Ne4JUg,1754891002,207567
z2k1B_la6Q0,1754891002,365953
SWhckv8CWlE,1754891002,182025
PV-Kjgdy9QQ,1754891002,53076
W7Dc8sQha_0,1754891002,252297
BRj-qBU8RW8,1754891002,320144
UqgggV3qgd8,1754891002,420186
FhbnEcM4q7s,1754891002,3316
q0t2JtTWT_Q,1754891002,8395
CZ0iGrsetpM,1754891002,2803
CJUnW-l6r0M,1754891002,4222
T9xyedr6bwQ,1754891002,11928
1uGWYmrN-xU,1754891002,3617
bCPFLr1WnKw,1754891002,5136
xy91dYwENtI,1754891002,1031
P-FuBad9bzw,1754891002,1379824
LofY21wW9Ew,1754891002,7032
K4KoL-FNqVw,1754891002,5144732
M9N-m0Jm93I,1754891002,8214
NLv62J1FJRk,1754891002,2877
ohF2nGULWnU,1754891002,81850
S1l8RQbzgjU,1754891002,18313082
RcvhcjfCgYE,1754891002,546475
vBGl-wW-YP0,1754891002,4650883
TfW0amD0WyA,1754891002,206236
Efm8R5HHj-k,1754891002,4921005
Bmj1y8eYS-E,1754891002,1125018
7PsAN-GtQG8,1754891002,167104
I4XsMDwKfM4,1754891002,8061519
P05zdga9Ycw,1754891002,122
9kIQ1u52Hc8,1754891002,340677
DdSkQt6whJE,1754891002,103
0lu556kxgDA,1754891002,6670
ScgPUqdQMF0,1754891002,1620
Ey_vGhau7ho,1754891002,23962892
NghOZFkPNUc,1754891002,17786432
kzyWWhZx7Yw,1754891002,117631
th2T6rygqNU,1754891002,98138578
nl1lvTIsz2U,1754891002,631818
Iz_FrUROP_U,1754891002,2526434
XyHj1Yd-kQ4,1754891002,37460689
q7PvwgRoVTk,1754891002,26710646
J01qBI6SZyw,1754891002,12287499
gIjJTEJ7soQ,1754891002,17156927
muzeGsrYpnQ,1754891002,100133093
YscI8g6EjNY,1754891002,1234591
dw-kwjzXSsA,1754891002,12314391
msjm44P_ybo,1754891002,206931
KDNgQzPIV-A,1754891002,2311985
Lk4oK0KPd9U,1754891002,79139
hn7moI2wia8,1754891002,6384
xmFOXO1n-tI,1754891002,101219
w5VmP84O2r4,1754891002,5809
fjXYq4EsLOs,1754891002,4592511
cCTvl11xhB0,1754891002,190136
hkn0OTewcxQ,1754891002,17093743
UQFOStjRjq4,1754891002,138135
x0u4qILUtmg,1754891002,4909152
BEaYIURdYio,1754891002,3104196
t5uH1ETo-0E,1754891002,285
co4ixzhoRJk,1754891002,5048
3KXWS9i2v2A,1754891002,572133
Y9YL_SbVWFo,1754891002,766145
qwKJmKzijrk,1754891002,62944
NSYLtIgUsNo,1754891002,7167103
53VsAz1i2Z4,1754891002,128687
QQnw48HGLAU,1754891002,1504038
X0992BIGizM,1754891002,3811
8sMxiq4RSOY,1754891002,117
8pVMpWLML5o,1754891002,78142
a0XZW_Mgh0I,1754891002,251830
2dgucwJAh00,1754891002,204138
5nxGtDrv6YQ,1754891002,413661
wO1_e5GxNUM,1754891002,137642
pr5MrKg2htU,1754891002,96562
pHTzhS26gPw,1754891002,58032
5DfZIsm5ws8,1754891002,69939
OiKbKRcsBCw,1754891002,5510588
zOVXKvIZQlA,1754891002,9064
Ja4w3Lzdnks,1754891002,629690
HUzEdwrFYUg,1754891002,863
8d5ilWB_fyk,1754891002,178890
VrP2Z1A9yxc,1754891002,19599
LrjlW00kkws,1754891002,7361428
aGEFtRwPhE4,1754891002,3740293
MnIPpUiTcRc,1754891002,3207798
-rGU9oF4qSg,1754891002,20813
Xi-vBKKKpUY,1754891002,871820
HYHRgfPKA7Y,1754891002,496
omA9BHWHhlg,1754891002,91
Q074YSGwRTM,1754891002,1569268
vtGuZgAulR4,1754891002,5884
gSX65RR6-kU,1754891002,4824365
8wdUkGIaCwY,1754891002,12889911
yqkd68vq1dE,1754891002,1668717
K_Wl1LJIszE,1754891002,34194
H1mTuu1B9h0,1754891002,3014652
iy1wekQMmbQ,1754891002,5455
pNqcISHqe10,1754891002,1156796
Tl4ikMnjW0s,1754891002,25649
7Yb8R7pO9_Y,1754891002,50737
cZGOwwZjnUc,1754891002,35036
-BG2VAs_FFE,1754891002,123149
eCP8vw9CFuo,1754891002,78351
C7YnYn3qQEY,1754891002,13248
d65HYLR06yE,1754891002,30129
YimTJcBtzZg,1754891002,468
SpXQ4Mb0F3U,1754891002,12282
YuRvHR0GBFY,1754891002,112100
AJ8RgLdVWEc,1754891002,55764
wRRw_cPqsXM,1754891002,43526
Djdljd-Se-k,1754891002,47603
39ETXlNU9T0,1754891002,2468032
ps_kAcAqOBs,1754891002,9562407
Gzfeog1a4qw,1754891002,5064262
BJBDN-iqbA0,1754891002,2287126
7Cxh9qN6eS8,1754891002,3617763
kNpR-qkn4EY,1754891002,13602701
YMnI56azTG8,1754891002,24623
ekxTc0BfdpQ,1754891002,2723455
7N6brerH9jE,1754891002,1644351
ugX84OjS-bs,1754891002,803927
JSNKR6JLwg8,1754891002,445252
yy8-wfNlyRg,1754891002,119406
YlRWviANSj4,1754891002,674333
pvpY1n7gjhg,1754891002,84476
KeE_K-ACMHY,1754891002,197462
3ZI5TDDOJIk,1754891002,15644
gQ5vWH8Bp28,1754891002,69747
E--l48EkwZM,1754891002,144484
WtIbGq6Od6o,1754891002,440227
X3l0hIAkxYU,1754891002,67740
sjdrjaBVTsg,1754891002,68810
3e0hRscJVro,1754891002,291808
Cc-A07xmIdE,1754891002,63761
arQmUMvA-lI,1754891002,103429
cCpkkhq7BQM,1754891002,78288
QRx8O2KrUUU,1754891002,552
mBbx6hnJUsU,1754891002,29
XblXFnjI2MU,1754891002,18554
IuBzn3THYOA,1754891002,87277
07iXWdc9TME,1754891002,22634
Inoq2d1NMl8,1754891002,153391
jnXPhAyeBTw,1754891002,18752
0RX0-FTIT8o,1754891002,2721855
6Sj8qrMLwE4,1754891002,21324
lGWYBti56X4,1754891002,22
NgJgkUdIRZs,1754891002,211
7HxMwNQI8l0,1754891002,66987
OwqOJWmzM_o,1754891002,81156
v_mONWiFv0k,1754891002,90918
YDbGsTy7D5g,1754891002,473
GWFC2_9_iVk,1754891002,90439
9ybv7TQtQ-M,1754891002,6192
XI-DyNTLpU4,1754891002,1275
FFedDu06gg0,1754891002,861
5aQ2YpTPonM,1754891002,139
FoSCaue3lcg,1754891002,45390
gEdePRsDACc,1754891002,25650
U-yq3I9QugQ,1754891002,75989
HcSmYWBJ5HU,1754891002,10562
i80Gc6JbZIM,1754891002,2255172
sDmJz5TewoA,1754891002,8794603
VZyg1htDIZU,1754891002,878483
k7mgqHtPLAI,1754891002,7816137
cdDxzfB-jdU,1754891002,10461768
dOzfhY7-hTs,1754891002,147479
P0RakqOls8k,1754891002,3092
LUKb-Z8AdYk,1754891002,311928
69TV834bsWU,1754891002,2245
aWT4WoeVtzc,1754891002,705946
gpVLgjDvtxY,1754891002,258467
iKB8StO052g,1754891002,5244505
COjFMsg-I8o,1754891002,11319748
kObmcOaPcbM,1754891002,7939414
HvHdNxburJ0,1754891002,631419
jvUX3ocBSCk,1754891002,8368116
z93_sStwW9o,1754891002,4381300
NkiPEhEAYls,1754891002,723756
v6pPUKqcYpU,1754891002,1036893
CRbct4SGC9g,1754891002,697796
AqWjPfz1HEg,1754891002,6888103
L7nuMgfeynw,1754891002,18466817
dq2Aw-BBLeY,1754891002,310351
Tsejx-oR94c,1754891002,6927533
YJt2E33zEL4,1754891002,5708542
6SBO6DanZIM,1754891002,417418
NHozLQe99oM,1754891002,7649980
aGfuAjHuMTE,1754891002,4195409
lcLpV8vYUg4,1754891002,6118833
pvlTkNhtLqo,1754891002,185397
cXVME_UDdmQ,1754891002,611325
ByryNLENhTo,1754891002,525222
viqiQOm-ym0,1754891002,178385
MjU2hs-mK2k,1754891002,5850696
G92De7K8w5c,1754891002,773191
1QA2D9QuyzM,1754891002,0
qdAeOWlKnrY,1754891002,6498718
ATRd2Wliu64,1754891002,63701
9QXxid7t9oM,1754891002,8072750
V4e8DQAS05M,1754891002,562563
ebNCRfSQ6uw,1754891002,20893
zhtq0DFn5Tc,1754891002,10955
aNvVjHV1JIo,1754891002,44421
yJh9X7O5acM,1754891002,1239805
tkHepvKcyAo,1754891002,2539663
AqDO9wYTAos,1754891002,58703
3JADs2SyciU,1754891002,4799
SWcccXzahuo,1754891002,3025
lJmlb-dmNNI,1754891002,3030179
25iKTRA3FBY,1754891002,8474
NIoaBr2ZdCo,1754891002,10313
WA6dGP75t8w,1754891002,66226
KTUfGtQ_iNY,1754891002,14189
H9feXN6A1JQ,1754891002,17735
ZHnU3F-YpUI,1754891002,14125
HbrTwdjsMhU,1754891002,10467
PItHEzSDWwA,1754891002,18970
6-ltw40_HKk,1754891002,10434
tdORdFXaUUo,1754891002,2033908
DGhEeuPAO6s,1754891002,12467
K6XIQpG3aSo,1754891002,220942
Dbh1XefDHXQ,1754891002,70366
A6mtA_zivl8,1754891002,279320
VQCARSV0bac,1754891002,18241
M53y0H44Gpk,1754891002,13952
fxQ_IpIuDLs,1754891002,33386
8F9EScF1kkY,1754891002,26091
AXDkLIZ39IY,1754891002,220948
-Q6ptntlj8I,1754891002,9514
k6agHKXJ73U,1754891002,1317516
akJlKenTamU,1754891002,2518899
X4y8qRMx0Xs,1754891002,5738054
XpPokWUscwc,1754891002,3391840
6R0tDz8rad4,1754891002,3776145
kYYEDJzz7KM,1754891002,5959239
_Mr6wWEgFfE,1754891002,1496993
3Pv1140jBjw,1754891002,20703085
9L59qTQhPYA,1754891002,5007950
Bsnrn-CW-Uo,1754891002,21108002
27HA1EFlWw8,1754891002,21982116
JktwRXYTDYc,1754891002,21254166
eceSAZQOTRg,1754891002,2753891
ntWJuFTVYRs,1754891002,31690134
mpmicJ8WbGM,1754891002,9071887
IL1p8MnoNEw,1754891002,1562738
den9EcnLzo0,1754891002,10047930
VChk9m1VfS8,1754891002,7287044
cqJixmXk3kk,1754891002,3138216
pM42sKp6f8A,1754891002,9320726
pAgZmqdBqak,1754891002,2345535
_L85j-wtZxQ,1754891002,4558587
E2D08U3my_Y,1754891002,4558455
wro2Lmh1j6Q,1754891002,3062015
BmpGkUH2ai8,1754891002,8747663
h7_5G8jo0cM,1754891002,10954313
wAn8U6UNbSA,1754891002,4094115
YA7DNyTVuFY,1754891002,3881437
pNtZccZ8CDk,1754891002,10067109
9gWuQyAio1Y,1754891002,7911344
KlUhMuCTQRk,1754891002,3946683
UcOIzXnOHc8,1754891002,12324360
oy-KJLU-0uE,1754891002,23176658
oYZujFxGSSk,1754891002,13773722
NYhG62pCg58,1754891002,6837871
wCUU8LQ-jEE,1754891002,10015269
8YCp73XxJJI,1754891002,1984272
ZEXhn5Hs1AM,1754891002,3006127
WLPCsOGlacM,1754891002,23582471
95SWw6J1DxU,1754891002,7417179
cHVaHvxH4_Q,1754891002,10385095
HEU6qY6ncXI,1754891002,20008713
HJJudcpUWIk,1754891002,20503648
iw8NnqB5wGs,1754891002,6399205
6zO3PvMqZn8,1754891002,15949449
D8SuSM0Mrig,1754891002,14880579
X5jJlNGgJHI,1754891002,15262528
pDRWRgcsKN4,1754891002,4026681
sBkphcVw3jo,1754891002,36625632
ngLFrDiCqFI,1754891002,4114874
9Q3meQJioLE,1754891002,31595719
yypCF8zuVh0,1754891002,27229294
w5fwPtbANkE,1754891002,5832343
CY3AGGu9Rw0,1754891002,9757627
wB4sO0GLPUc,1754891002,10536136
xUDLtB2Kcfg,1754891002,12784136
ggl1qKKL8JU,1754891002,30341512
oCEtsgR1THQ,1754891002,77368600
9OMzYWkmHYU,1754891002,4987838
uf2hT9ceaXw,1754891002,23341886
ETqlZV876pA,1754891002,7309115
eJQsWxAe5YE,1754891002,7702061
iMbCXOM0G48,1754891002,4753686
lDQkE3rDgYI,1754891002,5841252
PYrteiZ_WPs,1754891002,7033206
wCqbrlc8KzI,1754891002,10427407
erZhsrAqGr0,1754891002,5533150
88P-CDmuTpE,1754891002,1498441
i6B1qmRgQQo,1754891002,4131490
leVupS98zOM,1754891002,5260449
p2UZ_JFHLKw,1754891002,7677195
7i-koAUigrI,1754891002,5858580
l3E0lugezAw,1754891002,4555570
ZObjSK97Ba0,1754891002,5796520
n4IpR0XNp7k,1754891002,10410147
X8mlN7uhCNA,1754891002,8093471
-AvF6AR5phw,1754891002,4349809
sHg-VJpB4OA,1754891002,4681054
C9z-Nnujs_E,1754891002,3978772
iUfWeOMKP8s,1754891002,5648076
-duxXqqJVAw,1754891002,2889126
5mb_LF6y5ek,1754891002,7888313
1eRRiVppGD8,1754891002,2823570
BU9KhoZ5c5o,1754891002,9472351
BEBLdrdqnxU,1754891002,2943095
UekEgpjEvmg,1754891002,4211503
igC9HYMly3Q,1754891002,3958192
LOMv9746U3o,1754891002,3587774
Tbudtm3i7U4,1754891002,11469947
ncU_tC1LpT4,1754891002,20740506
OekCgirUjfs,1754891002,6644516
-iu0hLc9GAY,1754891002,7967616
a9codZPpPUs,1754891002,15309877
d3SSn4tP5IA,1754891002,4860545
pABnj1iV1es,1754891002,8697624
JkpR2SdfcF4,1754891002,7589231
5btMuWeWrpQ,1754891002,2104092
yuqTpzlygh8,1754891002,5459088
VV1rBb9MJS4,1754891002,4126968
L9DIZliWn9g,1754891002,3148274
aSvmDZvpyKI,1754891002,3698924
rK8flfZAUow,1754891002,5636083
bbdjyhMMiIM,1754891002,8913480
IU0zGH1rD6o,1754891002,2688290
g9rbVkWKpCc,1754891002,36330604
E6Q9d_RMGrU,1754891002,2422
BEJG5Dq5fRU,1754891002,581034
ut6Vnn0b9eg,1754891002,2040
eyWwGVEhhtU,1754891002,2476338
9uIi3uCUNOA,1754891002,856999
aPUop3srVZE,1754891002,2954
BeG46oErVk0,1754891002,3367
RTyVFUCx0yI,1754891002,12217
WArqkjGP0LM,1754891002,4402
nV0gw9DzgMA,1754891002,676918
usGPK2hHomI,1754891002,4953821
xxH6GuJACbI,1754891002,1203031
fyhD8j3IGAs,1754891002,2251
xyAJvLA8hXU,1754891002,19625001
KwartLnimRg,1754891002,2523928
96PjTPhTLQ0,1754891002,11261
Cxeyopj-ALE,1754891002,5471
HueWQ6BRh8w,1754891002,17113
sEOYi4gmd4Y,1754891002,2074178
AyA-f0QmnfU,1754891002,6513
K8t_F7nAiLo,1754891002,262354
0kz0qzQhVps,1754891002,1616
UKPWlwtVhP8,1754891002,3108
K5WAkCBLZ58,1754891002,1656217
VP0VuvaE400,1754891002,83821
xEbL1gyLrqQ,1754891002,265802
NvK2ewI1eN4,1754891002,3499
SBU9WudSZzM,1754891002,1284
32IexvIXxPE,1754891002,10057
u2e5XcWXPXM,1754891002,173684
ihmUKKmG8ZM,1754891002,2256
EiM6zOE5UUI,1754891002,1085904
XWKurD3YWEg,1754891002,7299938
sHwuvwO4Wu0,1754891002,33954079
F2ec1DKJn9s,1754891002,1353636
HkCNdLAQ_1A,1754891002,35228650
Kyt4B-37r4A,1754891002,6126524
-6CPbEmd2Gg,1754891002,3831529
gYN3tAx3X14,1754891002,1580772
P-BVMl7hA84,1754891002,11367018
ecztxh561oM,1754891002,5205310
P2HzVlAwQ3g,1754891002,2938647
L0FjG-GvVs0,1754891002,50921812
6QyKChORUwU,1754891002,20228251
KpUf8U2OB9Y,1754891002,27631311
GDD1qWE5ASA,1754891002,4472542
DqMemzfW_0U,1754891002,36083037
dg5xe5XubiU,1754891002,70401
-mgfubafGng,1754891002,629189
nEI7t-mSCM8,1754891002,624008
x5PeQrQsqFo,1754891002,48185579
ecn3KjkqNoM,1754891002,5867824
3Cv4Vhb8msI,1754891002,1479116
qpyUAK4Kw-0,1754891002,747544
g-0Pg7kET2k,1754891002,4733798
SMGCpQrZwD0,1754891002,2216679
aeLQmmbMS2s,1754891002,2634258
v1OXpt1nI9w,1754891002,5295747
jNbXojSjtdw,1754891002,6154436
QpYYZxJizGs,1754891002,32655686
hkMQtFfl9lk,1754891002,1192755
bdtDHs5_CRY,1754891002,4357041
rcKTZOGHTps,1754891002,59016261
TnlBKjWBEZM,1754891002,3886972
ekR6FjIr9mo,1754891002,1615794
CeNjt9AfzhA,1754891002,11439028
2tDV1834mzA,1754891002,9993891
ws67Won0Frg,1754891002,3082386
FGG8QHktNwg,1754891002,1831243
8dvfiRWkq6A,1754891002,5528354
IjKXUNhBR20,1754891002,3879965
e3Ss5OMp1PI,1754891002,8877936
yPmMrUo1uLg,1754891002,3861226
FoHfIJuZzCM,1754891002,9562359
xJoY2HBNk10,1754891002,160910888
Nai-E5BF804,1754891002,1309861
JQ2fBDrDWeo,1754891002,368902
06176-S-_64,1754891002,51580
j7r3-JpFv5Y,1754891002,11469
xarYuw_rpUk,1754891002,38071
SH_g1AuKAzk,1754891002,1068080
BsV635qBASc,1754891002,51882
AtR7pq-Xhck,1754891002,9293
NO-2sVizLCY,1754891002,6093
dm1fW0TbKq4,1754891002,149792
KIkcSvC64JI,1754891002,4796
jX0DOS0UNj8,1754891002,365843
EGhg-gfp4XM,1754891002,295090
Ygt3ZiEymt4,1754891002,4546
T1vkJo-i3nI,1754891002,612876
Xr8876UFj74,1754891002,69590815
1xM6lLXm-GU,1754891002,3142182
_Dwbf5WjjJA,1754891002,38176727
5QwhD_O-lDY,1754891002,43164419
9eMhkP8-B_M,1754891002,9234496
sWQAXwJ4fQ0,1754891002,4472182
9GArSHeQ55Q,1754891002,8100471
zasZRwLpMHg,1754891002,4199361
bP5W3Fsk9Mg,1754891002,6421453
n9oxs8T3sK8,1754891002,10916204
EwIvbMYAY4E,1754891002,26588194
u4m8ZKPmTAE,1754891002,1508080
-sqB4QKHpRI,1754891002,1557479
yeReix_aWls,1754891002,4928440
r99haXh_WI0,1754891002,8129151
qUcy0f9w_lA,1754891002,20518718
9gGZlwlc8FY,1754891002,5910977
p4Q_YTblaMA,1754891002,2654255
yucryh6S9l8,1754891002,4329245
mimcYAgQom8,1754891002,3691975
Ib-JE3pktiI,1754891002,31068704
i5DEn5o7Qzk,1754891002,4038353
zw2UgLT-QRs,1754891002,2370085
YkmqTVgZ9jM,1754891002,3887236
bW2zEJVdUR4,1754891002,2865592
zmO0lxNYUd8,1754891002,18962304
o3IMn-BExyY,1754891002,8028277
VLYRh7sahBQ,1754891002,1912881
8-ZzMVvGBrw,1754891002,18050754
GactaxwojVs,1754891002,10950860
l7m40hBSwn8,1754891002,13105926
7Mp-uZ5upLM,1754891002,3048753
PoGawqSwjfs,1754891002,2398403
U7jX5Wh6fLA,1754891002,11928063
dAj5jWR8Tms,1754891002,3287565
7QDztLes4Ls,1754891002,1913984
qDwSgLUrBe0,1754891002,1109907
Tz3W8bgJ1rE,1754891002,1609058
6500-7f_g4c,1754891002,6471357
JdYFSfXP9GE,1754891002,331826
PTvsKoDhw8Y,1754891002,5066419
loswRzEz4IA,1754891002,246618
5B7hEY7z194,1754891002,22979973
F5njPH3jHHA,1754891002,15177873
gdA1gWEty7U,1754891002,20502001
OotP4eYtlEk,1754891002,2535529
-ozs1D_AbMY,1754891002,1542006
Hi-ItR7NLcE,1754891002,5703156
AIGxl8c02lM,1754891002,13193581
zy5p7tNG758,1754891002,296848
guhZGG-bISE,1754891002,2852398
l7dzf4eFeAc,1754891002,12873384
2qBE43ZXq5c,1754891002,2451189
C8LNo7NiGgE,1754891002,1624450
izKtFDvqAO4,1754891002,3255683
sC4g5_po5RE,1754891002,1430123
BysnSb1GoFA,1754891002,2677311
tXEkgKw4MVo,1754891002,3370218
3jBmtX8hU9Y,1754891002,1332943
2nsNrBbtnvU,1754891002,839323
ggY7RbW47fA,1754891002,1713939
QaF1r2qdV_E,1754891002,12920857
UtD2VcnGqPs,1754891002,1668353
C7SUM3mnlfA,1754891002,1261100
9ChfwTyFKzM,1754891002,786934
0X2Bno5ehig,1754891002,3045577
1TiThaVLvfM,1754891002,3356912
PxM89TOiNcQ,1754891002,13838388
4_aRLE5cjJY,1754891002,2827196
eAZCYsbKg5I,1754891002,182151
w-nwpNtGLPE,1754891002,815162
8YiBQNC0SjE,1754891002,443966
Wwp30JyFG1Q,1754891002,260225
FyqU-nBJCVw,1754891002,339708
_HzwWYU7B-4,1754891002,34721
HW5L7p3xGcc,1754891002,232481
kb9RvtiQVWk,1754891002,779805
qKBuXueRUJY,1754891002,381683
Y3mz00Nqi-Y,1754891002,110583
NcWi-FGB8bU,1754891002,421566
ge_UgErt4yo,1754891002,8571692
M7BspSjh93I,1754891002,252979
ZU9NpBY_ppU,1754891002,326003
DHCWDIqJHwQ,1754891002,90865
0nrDiBRgPQ4,1754891002,31
jruK7mAB9pU,1754891002,5736
kwVpByfLYG0,1754891002,13143
x9rug6aE3gw,1754891002,623783
hHU3gYOw3_s,1754891002,1187569
rPeelAuvmWU,1754891002,813629
R6P4lDSQed0,1754891002,2867838
NEk5cEEalYw,1754891002,5937312
pc5ZK8OeEVU,1754891002,2425514
UWMzRSJixEI,1754891002,3998
AM7lmbpnGpg,1754891002,2606
X2UGgniXucw,1754891002,510
99LS7Be49nc,1754891002,2959
4sP1IS-0ltA,1754891002,552
YjIxUDwPRRY,1754891002,31246
P4eMy0dzJ9M,1754891002,6870
MEIgkev_nCM,1754891002,1250
SIksC-998yQ,1754891002,5107
RecYAjxdcEg,1754891002,5091
ByS_fVr_e2c,1754891002,6563
oipI5TQ54tA,1754891002,316619
LZoNF1oA2ew,1754891002,2605
zpiHQMNnTrs,1754891002,14608
vHUSQu7pzI4,1754891002,12396
4nYXIeZh_bw,1754891002,291599
q2EzcTJ3xiY,1754891002,5508
ETSl0iOuKwk,1754891002,44746
L7QnADt04ZU,1754891002,222045
47YbLU7-J1M,1754891002,554161
aXTcYa7u12k,1754891002,1615960
7Yr_m2fbpEo,1754891002,209053
QDdQdJYiIe0,1754891002,185847
cmqMRjKZLwo,1754891002,740010
xhd88vcztzw,1754891002,173323
CxU-YChTkW4,1754891002,187827
IBTNqdMPiFs,1754891002,509955
xGih7poxmPo,1754891002,185411
miq2jXUpLpU,1754891002,520226
Z53WknvUPG0,1754891002,656275
NIHPaNF2Ng4,1754891002,472046
rsbEfXFM-bE,1754891002,790830
85bq33jC6ZY,1754891002,1145406
XxCPWxfipmQ,1754891002,710114
R0ZcxOXaXmU,1754891002,1316006
o921J2KJtfs,1754891002,484446
00jciuoWhGk,1754891002,453403
cBI4GtLduNY,1754891002,814352
y9M04ZKSOlM,1754891002,1004129
Jc45LChR4gY,1754891002,7068
K-eRl263kxI,1754891002,733
LakoPUnRPfI,1754891002,490
pe8MVX8mvUM,1754891002,465
BEc-MI_JHqY,1754891002,650
XZYFuBfTE7o,1754891002,4688
khjS954WrhA,1754891002,0
6xSt8wRfy34,1754891002,4348
hmtuvNfytjM,1754891002,1417271
znWFsB0f0EA,1754891002,215344
LcXDhUn9nkg,1754891002,14036
0Vx1MWojNaU,1754891002,12173
EXIgjIBu4EU,1754891002,9172
VXU4LSAQDSc,1754891002,15193
ITbUyiyQckY,1754891002,3577
8pUBr05OQfs,1754891002,1228
Ql5zGPtxlHY,1754891002,6482
P67wiuTx7l0,1754891002,5460
DHS4gsp2ta0,1754891002,6886
6WaBryk4fkE,1754891002,9146
EnhgbolbEe0,1754891002,11490
Gc-dwloxNFE,1754891002,30588
HJmeNWF7wL8,1754891002,1283646
glRxRCiYjX0,1754891002,1481181
vh3km-f3kMI,1754891002,6114166
t8HrZTLRCeU,1754891002,33026053
IcAV5qiko8M,1754891002,35720311
_fWyWcZB7VA,1754891002,24213034
Slqo8SHnFaU,1754891002,17413250
2o5u159w_uI,1754891002,14684871
E16WhXcIghM,1754891002,38696022
xLpZZScqgKo,1754891002,6893442
zHD6kxU45BY,1754891002,17262750
HQILxqS831E,1754891002,22173377
duCuRRSUHy4,1754891002,21348
TFhqyQUn-WM,1754891002,6716
c8gmx96u1-g,1754891002,4134
bdslSt8K85k,1754891002,0
4nTKeL4tz0A,1754891002,4189
9meUrv0XFrQ,1754891002,3912
Igattjpuas0,1754891002,5615
nYs0B07qR2k,1754891002,12535
5RquK_PPMms,1754891002,26777
Mbp0I6NzVVg,1754891002,15180
9ufKkKzMAlo,1754891002,13147
b_IdILakQ6o,1754891002,3097
O1xk5E8-5F0,1754891002,6872
J4-qgPAk9ec,1754891002,1926
bFnwKPpgBsc,1754891002,31639
dCF4aCHg-AM,1754891002,10320
XOeR69W2gYk,1754891002,5896
pLjG7a-NX7U,1754891002,175114
jj5M1az3I_Y,1754891002,31662
5DDWU4DzNJc,1754891002,188860
KYUnnqlQln8,1754891002,155829
oaZXLrjpmOM,1754891002,110064
kuVmsZe4Kxw,1754891002,115186
EFCXxCmlJuc,1754891002,98322
CKv442zpqWs,1754891002,141283
SYsrNmQyil8,1754891002,26009
A8Xv5rz_LOU,1754891002,46203
Vbz_nSrcosk,1754891002,10619
6_1LtgvYo7o,1754891002,13652
bssgoMZrhj0,1754891002,113019
Q8ls52m18gQ,1754891002,117295
UkPKlA6j0f8,1754891002,39649
6r3hG_zA8d8,1754891002,237775
ghxBLeEX_OM,1754891002,142602
nfayHVJlKgQ,1754891002,331573
Ko25P88bWFY,1754891002,376003
B4v1qOzu9FE,1754891002,453336
01KX_JXHH2M,1754891002,1340483
hPlRmUv7qzo,1754891002,2188454
_pSe1IxDCj4,1754891002,10472
LyxCAhKK--0,1754891002,6343
lJcjsyFisy4,1754891002,12857
QmtTmUcE73k,1754891002,5228
3y1iHqqw0S0,1754891002,3359
wPQqrA-wmmg,1754891002,3124
VXu2gatnMWE,1754891002,12842
yU60fWYIm1I,1754891002,4933
CK4yglZScxg,1754891002,6573
9QoPdMHcOxc,1754891002,7111
vqeIeIcDHD0,1754891002,2730654
QDv1Ox3mvfQ,1754891002,1360
WmxVQaBwIGk,1754891002,3425
ajNq6n4rwTk,1754891002,1563
y25bfaezFfs,1754891002,747
Jo8R_Nqay70,1754891002,2037
VCykbQ-BFYE,1754891002,3578
PMof_il9KfY,1754891002,908
oxEUqSYqAfw,1754891002,4472
nB9GyEqdo1U,1754891002,1515
IaPBD9yvEWM,1754891002,3550
SPvXkDY_ZAg,1754891002,499
Aqn2cqZhBWs,1754891002,183
Zw56OuxVBJE,1754891002,133
DD-9vduncnE,1754891002,154
WG2LEKoL8-4,1754891002,65
GvgUh5DwW8M,1754891002,78
YMpdiNL04kY,1754891002,166
RyPX0eZdMo4,1754891002,43
-WoL54m2Jb4,1754891002,95
YyERf3SOZCY,1754891002,140
qp4XT23XsVA,1754891002,2669829
s_OhlS1zxfI,1754891002,54936
C-LBguGoc8o,1754891002,0
A0eJUvhmAak,1754891002,489
UO1d-R1YNuA,1754891002,7391
1qt7ZL7Chvk,1754891002,127382
hLusTRDF5_c,1754891002,14990
nTdvsVC33CQ,1754891002,57308
_fA2o9ERUAs,1754891002,32733
UMH-u4pSlxc,1754891002,32772
ylR1n_bXfLM,1754891002,19661
j3C9Gi9dLCg,1754891002,64378
7RRKZTlezSA,1754891002,12719
_kckKx511H4,1754891002,21689
aUBPWT-D5_U,1754891002,43702
V6hHNh97FIs,1754891002,61716
mgcNO58BLk4,1754891002,4626
koHqD2s0SdM,1754891002,34468
P-A_AyZ0O1Y,1754891002,6331
H3YvlRBEx1I,1754891002,44032
MciIbzU1JR4,1754891002,5945
XAVErTBr2Ik,1754891002,7361
gM3dLL6f0ms,1754891002,19472
n4pgi08muN8,1754891002,2439564
cUU4C0ahiBQ,1754891002,937
SpRX1hVNkzg,1754891002,484
EGP6lXTT2Xk,1754891002,406
eo4vrNDSBtA,1754891002,419
IBvPhfWLmjI,1754891002,344
xvk64L8z3JM,1754891002,341
ZcWmUYRgSuQ,1754891002,277
8OkqiGvF1BQ,1754891002,344
jl1jFIWfpUg,1754891002,294002
XIXQhO00Bd8,1754891002,850968
OzmbZDZP_Hc,1754891002,1215351
2GoXlR3AGAY,1754891002,1923555
RDwgbPIAPfo,1754891002,162957
YJ3wYeqvzXc,1754891002,694853
ZuFzglWvbB8,1754891002,2404082
XHzfEx0Qc8s,1754891002,2409144
zeMmX-7fppY,1754891002,3128963
1zKa1cB1Kec,1754891002,376144
7gWd1ljuq60,1754891002,1643702
Nh3Bg107fSc,1754891002,259892
95N4Ix8lOsc,1754891002,222708
e5ij3r_aco0,1754891002,229652
C2Mb-DI9EUU,1754891002,266905
lvQu5c7ZqOg,1754891002,453859
DTz5ZzoSuj8,1754891002,643871
FHIml6cRz0k,1754891002,434703
wPA2BTRA2v0,1754891002,757927
NQL8mj4n8bo,1754891002,1874139
In4xUASiG4c,1754891002,16158
vZz9TWS4c4E,1754891002,40820
ETSzcm1rR3I,1754891002,21479
IWK--Kqogjk,1754891002,43801
jlpI3CWwNaM,1754891002,25764
75dJcomk5i4,1754891002,58495
ZVtQ73bo2ic,1754891002,42146
dnxPC9vqW1Y,1754891002,53356
HVuB_LoUE7Q,1754891002,3491196
AUrLMJQf2Bw,1754891002,18490973
jGztGfRujSE,1754891002,2885066
6y8JOdjIU7M,1754891002,5870
oM2JlxAGyBQ,1754891002,52403
mFyzYm-SAMs,1754891002,3199
APKCscONOC8,1754891002,1896
KS6iQRDq10A,1754891002,1665
8mIPxvQ60dM,1754891002,2659
Ry8WFNb9-B4,1754891002,1741
nvk2mfZFZe0,1754891002,2171
yHvI3vozz9Y,1754891002,1732
zInatvOpA7U,1754891002,2321
JYbf_zsdtC0,1754891002,2823
I1UjXw7X6mM,1754891002,33062
nueDm7k94D0,1754891002,2514
iXDdYXOApRI,1754891002,3026
q2h7Ka5ckOU,1754891002,3408
NNTBsQ4PDHM,1754891002,1608
Na6RfPYOQO0,1754891002,16
_lvEUghKI8o,1754891002,45
uRRuHi8FQs8,1754891002,66
TybDImDVP5M,1754891002,101
shVPbWOhy6o,1754891002,279
HjyU00ajmpA,1754891002,221
js5tf0moni4,1754891002,302
stZqf_31xvc,1754891002,1859
IRLi31ai3MU,1754891002,580
Z1kJWz93AuE,1754891002,651
W2bn7ZNMefg,1754891002,4151
L1p4pqbr8ZM,1754891002,1985
dF-xE2AFbPE,1754891002,4127
oNQcpXBSg8o,1754891002,7611
iKVx5XZY1xw,1754891002,154290
1lUpm5PgY10,1754891002,267082
NbY6pc12Vt8,1754891002,337459
HAM0RDRH4sY,1754891002,506478
top_St7WYIc,1754891002,362469
flhv6uKQlFk,1754891002,411932
N_Knr4H2p2c,1754891002,466186
mnZsPNiDbZo,1754891002,405308
cIEIhL9wM0U,1754891002,771362
xLeiJA2RuNc,1754891002,299826
vit6p0-ovqo,1754891002,389321
yLB839Sir5c,1754891002,345579
IrIHAc1DvFg,1754891002,6442
XwVx3_jlqJM,1754891002,11807
D1zyJCq7R-E,1754891002,36630
3LBYmbsowFo,1754891002,28154
eySbvHb-0fc,1754891002,179633
Ys2xEhdTKPI,1754891002,97953
JA0g4KYMf_k,1754891002,90620
_-ymtOMtk4o,1754891002,1470899
vFkmaJwHcb0,1754891002,59167
33AYOs5UhII,1754891002,71511
G6YyxKgcXMI,1754891002,266199
a2pKhTOc3RY,1754891002,42223
uSks5Zh2QA8,1754891002,108940
AGglJehON5g,1754891002,3928028
KZeIEiBrT_w,1754891002,5469150
x32Zq-XvID4,1754891002,5912069
J3i3F2e4IYs,1754891002,6127149
L1L95sgsecc,1754891002,54651
z3i8FccyJg0,1754891002,62809
gRP3V2sz-M8,1754891002,1056386
PXNxnI0s_OY,1754891002,177824
9UX7NJLYyb4,1754891002,839536
REYTmK1-Cl0,1754891002,240919
yNs5Rpij8yg,1754891002,1012678
jRbXzujI6ho,1754891002,291230
JOLnZ3mK8kQ,1754891002,493092
8rsvex1pWnc,1754891002,47190
tcqzLW3iI-s,1754891002,728564
TZ0PhMgw_B0,1754891002,145159
uS3sPPp5Iu0,1754891002,359304
N6EuuG7zXWY,1754891002,3076809
IwAVrkHs5EQ,1754891002,329491
Z-ttDV5RFAA,1754891002,1406968
INyMNVr5CFw,1754891002,493337
bkpQAeZEQQk,1754891002,13219
ipd4SQY0Ehg,1754891002,1027
7uAQ-oyYQCA,1754891002,1057
2_VONTSLlvI,1754891002,14622
XM97u2vhWtI,1754891002,1541
LVmOxc1xNyg,1754891002,1243
zhRJqFbgeZ4,1754891002,20559
Xfw3WpSaw1M,1754891002,49469
5G63SmyYciU,1754891002,180982
QPcEiIfF_KU,1754891002,477455
-a_O_zR-xek,1754891002,1191366
lSRV9WmtP1o,1754891002,1901449
zcfYvH8Em-E,1754891002,582252
FBeKIC8-PAg,1754891002,2290073
MhqINca8eMU,1754891002,533974
B0riabABDMg,1754891002,111009
EqT3nDbwETc,1754891002,126222
mYNE36hWNIQ,1754891002,56183
Gn6qR__BbYg,1754891002,37096
UAQjknW5y9Y,1754891002,111234
ihEtpPQCADQ,1754891002,32175
206O9S9GLbg,1754891002,121411
O5KhZbe_mS0,1754891002,47242
k0ILMhbWHNQ,1754891002,281347
U-k_LyA1DQQ,1754891002,219805
O36NmhTXaU8,1754891002,1822
4v_ETlSJfJw,1754891002,8567
a6hv_uboKO8,1754891002,23237
xox7pGEo0GE,1754891002,349
WYd7TXWyRZs,1754891002,217
ijJr867sp1o,1754891002,179
MWw7embKUHg,1754891002,147
A4eSlpCkbgk,1754891002,233
bgRvXSDVjn0,1754891002,83
rMyszSyzKyQ,1754891002,73
--UgGHI8BkQ,1754891002,235
kaHSbyM232g,1754891002,119
NdIrBgwiiVs,1754891002,141
MmFLDvOFLW0,1754891002,3202530
tlGdNOtdVoU,1754891002,2547293
k5itPbQtz_Y,1754891002,4683466
wSnIKGaAVDo,1754891002,416
4Anm2gkx0Fg,1754891002,458
OoQj2Lyij5s,1754891002,615
JOIo1-0CSg0,1754891002,989
W1GcpbBBBsA,1754891002,1250
ZmdvMTgBvkk,1754891002,700
4nSKJKYjT0U,1754891002,1177
v9mV6KQiEsI,1754891002,1056
xThL3RgcMdM,1754891002,680
Okn1xOPEfic,1754891002,1117
0Q7I6DYUn4A,1754891002,174175
8YqEXJOrZOc,1754891002,1478494
qFOP7JQkQDw,1754891002,1718571
K80KDLFmRQ4,1754891002,1153923
aCe_yF05UPY,1754891002,2720108
VsDQ3V3y-og,1754891002,1031416
et9H5vjI-W8,1754891002,1642965
TBSL0xRhvtw,1754891002,1796922
srWO8umok2o,1754891002,1973451
8yF8wtJZJJ8,1754891002,2015516
EG4gFxczkH8,1754891002,3523883
iUte1J8QXVc,1754891002,26361
FCrfsyN574U,1754891002,64405
e5PQpeolF9Q,1754891002,134285
rChwm1kktZ4,1754891002,0
0jk1zGhHb-g,1754891002,175831
PfvBg0WJWMM,1754891002,286517
T0HP7omFo58,1754891002,187484
US47EpxBVHk,1754891002,284012
OImjfwCujYo,1754891002,192578
c0rNGr5ztR8,1754891002,449756
D_z6n9CO_bc,1754891002,338650
Qw5JcPUATV4,1754891002,203565
x5n0nlnTTm8,1754891002,148574
d1xFvRD2knU,1754891002,243158
TdHNZehpBzw,1754891002,44028
As6kyIAMWlQ,1754891002,33703
h3sbDTl2MSU,1754891002,1058305
Gb4UBK53sGQ,1754891002,1679078
z_PlyQAWT4g,1754891002,1293328
8jQzwxS8vxA,1754891002,770676
jiWtrVL4tmA,1754891002,1662618
geIhl_VE0IA,1754891002,3471364
b_EoZzE7KJ0,1754891002,2674190
eKHoLpi2ey4,1754891002,2983303
Tz4u4aaFu88,1754891002,2132854
4UHCn085dV0,1754891002,2281908
z4Kb8iHjXYg,1754891002,1513599
U8eiFREM390,1754891002,231016
gtPgktqZCaQ,1754891002,1075770
I6uEBMU0CtM,1754891002,1331353
dyjkPm-8I4o,1754891002,2178159
1_d4a_0Sq9M,1754891002,3598053
VdVzwha746M,1754891002,5990001
EIrtkZBfsHA,1754891002,545
38kjFRZK0rM,1754891002,295
z3xnKaVjlmg,1754891002,522
_XMAFBkDeMo,1754891002,2154
AfnLKs_zHJg,1754891002,1095
Sjk4UMpJqVs,1754891002,6960
uLhSG2-qSB0,1754891002,0
BwMkYYpok9I,1754891002,9492
VihLgySA6wU,1754891002,12608
RyNbq61CiWw,1754891002,15964
Z67aDtseJAY,1754891002,36252
WxFcMgq_ubY,1754891002,2278
IFT1ymvykIM,1754891002,6855
xpnZGfBLggo,1754891002,6804
UmNNSxqN2Ko,1754891002,5640
R3qGvBIEAu0,1754891002,54185
U9axL5LUiQg,1754891002,3670
4vJi9bo32s8,1754891002,2534645
c0IAlkeK5go,1754891002,6133884
xssnmM1gH1I,1754891002,3970863
DEtNELkJRJg,1754891002,4085368
mvwrfgnweOM,1754891002,7386917
tH0uDS7PDo8,1754891002,41207
hoOuO2xuazI,1754891002,72150
vayywBkwG-w,1754891002,103375
4aHfH-fc8jc,1754891002,27308
4E4rtPfWEF0,1754891002,276433
tY6BjwGHV2Y,1754891002,163533
emc_6as3Koo,1754891002,452109
U7pqO6Fa7FI,1754891002,106187
252RUwFR278,1754891002,204384
1BTwAYrDeN0,1754891002,134664
-vqZrb8X9FE,1754891002,218638
9jBIGmmCX3Y,1754891002,187351
zkVCqWg37_4,1754891002,579668
_jUvCS_wi3E,1754891002,225754
tOmfrmGGuEA,1754891002,448270
SE0BetkXsLg,1754891002,722403
cQakAafxGck,1754891002,663521
lTS0kVBnTtc,1754891002,143151
ZwJ9bhAZfcw,1754891002,456343
_PVE5lSQA0w,1754891002,56481
ocUgOEhomAI,1754891002,134268
c_dHSRuQQPg,1754891002,83978
-RgdgqF9wd0,1754891002,148389
FXAi2ixH1Lg,1754891002,19374
kLP5WThFJbQ,1754891002,140458
C9XCmNKxTGs,1754891002,432560
A2Impp6KtMI,1754891002,363993
_GO5yfC9d2E,1754891002,383017
7XchWCNxu80,1754891002,711921
CW1Zcgf5RjY,1754891002,295849
y5SzTf1s7wk,1754891002,331183
DkQB8V4S0LM,1754891002,705274
Zn5uo3acD2Y,1754891002,350770
shL_D0fcL44,1754891002,274458
AbcBQPXokbs,1754891002,33922
z-gFLUxjK-A,1754891002,762922
ipQZDGp4UEI,1754891002,353070
2Pg7A29VbnY,1754891002,96791
o_SB-eCuWTU,1754891002,709242
QxK0zcTWGU0,1754891002,1988163
dpSPtfZGoIc,1754891002,418835
S35yj7B11s0,1754891002,1191077
LiXuvspg6ek,1754891002,864898
E2BYUXkV8bQ,1754891002,25067
gzkcI8tNdPk,1754891002,1235775
r2JEr7_TU3I,1754891002,3477114
D-xd3aO6puQ,1754891002,4377126
PKE0XyJQsms,1754891002,9214230
WlwDqJAfIT4,1754891002,4517847
ibZOeRgb8xg,1754891002,5241639
qRZNvP5eH3o,1754891002,3470697
CBumbanNHDw,1754891002,2833254
9LsQFU8C0V0,1754891002,7577091
NzP0_bXREZA,1754891002,6878304
KRhofr57Na8,1754891002,7112022
lYQbMTbydEE,1754891002,5994
pP1wWvEtTy4,1754891002,335720
O5ZaM9bh3Hg,1754891002,647863
jIOcfPRJRAA,1754891002,838710
2U7uJ4SvsJU,1754891002,590279
x1Hva6f72qg,1754891002,586889
cntOuLV04mg,1754891002,287649
vIj2_9W1k0A,1754891002,1059
9yLttcsrQD4,1754891002,991
RGPF-BzWxCc,1754891002,4998
QOk3U1Oxu6g,1754891002,9458
NyDzBNSGKVA,1754891002,1290
oanozK-dp8U,1754891002,5692
IVZNh6WOBI0,1754891002,31475
ZndyO_GP75A,1754891002,37776
NJz_i1bHGrs,1754891002,145309
JdOaYJGBZso,1754891002,99103
-TBa_Mbkp9U,1754891002,33938
BMpur8qFM4E,1754891002,130753
Av3d8p7SZQ8,1754891002,175177
hdE2QW9wwU4,1754891002,118435
Upj87pK1eGc,1754891002,7733
fIOlrl-ASTQ,1754891002,65571
SxPWzOR8DiI,1754891002,342424
yhSdW2PCcTE,1754891002,212
HfdsWsPTjUA,1754891002,913
ezDHFt626eU,1754891002,2341
Qyz5LU64noE,1754891002,341
tbkw2SX94cQ,1754891002,458
c6oWzxRUl04,1754891002,854
wK48z7_Syrc,1754891002,947
e9IMs3LH0x0,1754891002,3043
9PMJCwa_hmU,1754891002,3569
n90GGmLx5o8,1754891002,1182
S1d-a0kYwGs,1754891002,319434
y1CNJGIPkZo,1754891002,13979666
7-p2pS-gn68,1754891002,13795017
mkf2pTgJxFo,1754891002,4695968
0i7oZxTcMoY,1754891002,2516567
eqBBnxc8-8A,1754891002,1887369
e5avtOHnoxw,1754891002,3622244
zX6-Hf5f7OI,1754891002,2507342
q_UNCmbC_j8,1754891002,7232226
j3Q5lrJtWYg,1754891002,7657451
O9E0Ljd2ML8,1754891002,307718
irkAtqm-eCs,1754891002,1321444
G2e4K-wD1KY,1754891002,1051382
x2PAjSCbQ5Q,1754891002,3209
wM6UzgYkgiA,1754891002,419
1o5PYH4Mi1g,1754891002,418
prySD2Axqt4,1754891002,701
8rdjOIiQzY8,1754891002,463
eHhDobgZi-8,1754891002,899
Vgv9m-M0axM,1754891002,1564
qwAOPJH7lss,1754891002,2877
C6mkGms3jHI,1754891002,3767
2RfGD2bXezk,1754891002,20839
TTtqA9UupLA,1754891002,225549
LM9iSEIiSBM,1754891002,3254810
DC0FeM9wFsU,1754891002,5244670
Q2X058XryJQ,1754891002,2865637
hhn2x9f56qg,1754891002,6843461
nmszAU0UClY,1754891002,2181706
B5vN0qCSg_4,1754891002,4480711
l9v01xvIYP4,1754891002,2962883
Jc9G_wckjmM,1754891002,2034448
WurTzpmTK9o,1754891002,2427773
u2WDx6NU66w,1754891002,10142541
dvzL33vveLU,1754891002,43359
H1d6KMAqp8c,1754891002,79969
4oUh_1nQJYA,1754891002,60019
NPFFDN0Idi0,1754891002,117631
8QBPmzEGR78,1754891002,43222
7vE5qiOBGK4,1754891002,208021
2WqfgY2kxy8,1754891002,567082
qZbM6UBRnVw,1754891002,542363
kxVFXtQLU7c,1754891002,1187954
GovBOCJur8I,1754891002,999903
-rrNcUuK_O0,1754891002,1713118
gpeUqe9X7m8,1754891002,333472
cqa6_8ks0Wc,1754891002,467550
noVecYawUKA,1754891002,875413
YtMy6iamogk,1754891002,198253
RtTp_hZzEIY,1754891002,465
jj_vSuYb7FY,1754891002,593
5q9T5hvxiaU,1754891002,487959
cBtl2n1tuNM,1754891002,2564566
Du9Ce5N_7q8,1754891002,3491439
l9lD-B_2IEI,1754891002,4149216
-FToZTDNABw,1754891002,848406
oxDpnV0mmAA,1754891002,5972010
mqp2_TaJDac,1754891002,4450861
oJvNKSfjKe8,1754891002,5266201
BdP8zXOMOc4,1754891002,795191
15p9slwx6Yc,1754891002,4253233
AwW2l9QyerA,1754891002,119222
3iJAhOouNlY,1754891002,144354
RIsr05EOaQs,1754891002,195525
GURQa2zQ4Iw,1754891002,130724
7E8Ac_aIsXQ,1754891002,9495
NUZeOnGtDBI,1754891002,230172
L2qZtt7fITk,1754891002,919903
BxlXT_wAOB0,1754891002,386359
NpiD70ZrZTc,1754891002,9949881
XbsGeheuuV0,1754891002,778745
qQGEu_xGw48,1754891002,96454
ui6jbvxU6C0,1754891002,135984
8siEcISq5TM,1754891002,959830
ttf_QtQXIZU,1754891002,45001
ql2D3lLwr3s,1754891002,45609
QOV4XnvhJVo,1754891002,564
_TXOi9p1kmw,1754891002,1616
B3hNHNSC-cQ,1754891002,5039
_An2CYWzCNk,1754891002,793
AnCz-4bdH64,1754891002,965
6oLmZaAAIrk,1754891002,1204
hsrC9kbbzHA,1754891002,1037
Pxd8ZEIt6mo,1754891002,1175
EL6W86_7tlU,1754891002,1067
j_I_s5aNXik,1754891002,954
UhvYZ71XMJk,1754891002,1591348
0vTRCfPWK2w,1754891002,2235352
r_PyKY__iGY,1754891002,1909536
URHf6k_cCjA,1754891002,1419737
uF01ybe7PDA,1754891002,2369186
f_DjTcO_UA4,1754891002,36411
iZWxYqv7L44,1754891002,33574
6iiiJgBQ5uw,1754891002,16341
1VqbrSvTwP0,1754891002,10917
R4RUluqrv7M,1754891002,92109
BJNXUcONTLs,1754891002,10083
czgr2gc8By0,1754891002,14376
aPGz3-OG0PY,1754891002,5958
acg8W9Vs86Y,1754891002,4225
GD2qlPQxzVE,1754891002,518633
90SHpg29lr4,1754891002,213193
P584mHPF8TY,1754891002,436620
3UIn18G1cd0,1754891002,332574
B64DRD5vWXE,1754891002,897616
UeuA4QO7L3k,1754891002,2612337
wyTOYEk_Z2Y,1754891002,2053100
BZkJH_rn7TI,1754891002,2106136
jkaH5Pn3QSk,1754891002,106837
9ipkCcIIIlY,1754891002,248737
lUT3EhG6JwU,1754891002,243217
w5PomHUHBlE,1754891002,241071
eUDSfA-95hA,1754891002,203420
IgUMkDaxWFs,1754891002,407969
w3KSDxmD3tY,1754891002,1735253
A16Qp3fH4zo,1754891002,3363096
ytloj_h5aww,1754891002,985317
VDxqKt4sZFU,1754891002,742868
t-RASabooQA,1754891002,2260789
3oNQpM8Twh8,1754891002,2104405
FBBoHFdV5rY,1754891002,1149900
46ZgqAVCAVU,1754891002,546778
LzMinokAbRk,1754891002,863649
GI1xglj1owA,1754891002,1099
yxVyo-jMEA8,1754891002,2161
D9aYOpjFCOk,1754891002,760
V-8bCV0eKBc,1754891002,1153
2x8bxwbB6xI,1754891002,2268
51roxlAP3-E,1754891002,1136
InALhimpjek,1754891002,2577
jbk7HHCg7Dc,1754891002,815
69VHH3VQnoI,1754891002,1252
IzqzWkUozfk,1754891002,2246
Y8WJSPZNIKE,1754891002,302993
1F22vYJtRAQ,1754891002,543778
1qwq1UCG9c4,1754891002,124630
5BPqd20hq8w,1754891002,31220
tbSE0PS2pVk,1754891002,992862
ieBSgEhEW6M,1754891002,198973
ORW_pjkFvDM,1754891002,2125
McJJUgkrejs,1754891002,57052
ADfzbzxqz4c,1754891002,156548
QTkOdDaXJUA,1754891002,503744
P1NoBHR4q44,1754891002,70544
C4x69dcrzqY,1754891002,94947
FbXzxxPBOts,1754891002,177574
JYT50WMylOM,1754891002,234294
whjp5qUGsE4,1754891002,732988
KOdCQUlU-8A,1754891002,134787
7zRCS0XnGIA,1754891002,5906
hlr-H73cJC8,1754891002,5181
sEUP-A92970,1754891002,19879
aZ_ww6ucBC0,1754891002,1447839
LAJcPLcNrGg,1754891002,50100
yAG9VBh1zdk,1754891002,10686
AQgy1JihAuo,1754891002,13712
fTXw023XMzI,1754891002,1179
5DajwrI85A0,1754891002,4750256
o0CFeS_EJR4,1754891002,6827489
AvtAEmoXhnk,1754891002,43
v71SiUe0KYY,1754891002,69372
U5wnnQ7X3qw,1754891002,51435
C_LZDlGKFaE,1754891002,69216
xoiQSx5G7TI,1754891002,176434
cb05VK4W5Ds,1754891002,31484
tPQJoGrgbFw,1754891002,272
wOq7JpPJLKc,1754891002,168
gMULeA1BD44,1754891002,872
Ns9vOYnK-70,1754891002,467649
HIgZWlR2ngI,1754891002,107021
Naypd790jCY,1754891002,601794
piH4O4doAMo,1754891002,4476280
_GoQmBhdr98,1754891002,753944
tOjYeqvTfJM,1754891002,199130
DOgnE6JQqso,1754891002,4353380
wB5g4gzHUTg,1754891002,28398
xgaJpemf2A0,1754891002,17608
H-LQMVltBC8,1754891002,46219
HVqz18cyxCY,1754891002,111395
SJ_i7NqGMpo,1754891002,56302
tk1rYRqAk8Y,1754891002,6374
zSWbi6IVODU,1754891002,6695
4iPddi9o7As,1754891002,9990
3G1UbTx2KZM,1754891002,8533
hI9HQfCAw64,1754891002,3468625
MaJmUUtr2SI,1754891002,1238150
5_DZtCYhdXc,1754891002,257847
5qHWMq5MjeQ,1754891002,97771
kTfLxcFwbjs,1754891002,115795
rf7A3U3LyzE,1754891002,2186147
oUDLruuFu_g,1754891002,1137714
t3nVyg-MkQo,1754891002,1112587
H9RnctSHbzs,1754891002,1091
hq8EYlo0S3k,1754891002,3062
PjFiStMqTsc,1754891002,8529
JlQWs47muQM,1754891002,4370
VmlGm7qPbHg,1754891002,8251
sBBdv0KeeLk,1754891002,5396
LvwQtm_8Fag,1754891002,7192
-RDEpId5Rn8,1754891002,4104
3twnqSPJ3XA,1754891002,3125
GSVHt-KFO8k,1754891002,8418
ikNxn-CYwi8,1754891002,273139
zhZ0K3wElo8,1754891002,583577
SbVj1UEoysw,1754891002,1122773
e2eyMkovGhY,1754891002,2708303
eTND5Q3uGgg,1754891002,3760433
MO_4jXB7OlY,1754891002,216078
fPMuwNa8W2w,1754891002,319266
YrIOPO-0bhI,1754891002,185857
dayT-gAVnck,1754891002,422030
4gz-jFzANzs,1754891002,555276
P_rv73W2yNQ,1754891002,31715
3kcPPhwHSLU,1754891002,112375
78j4jX6Q66Y,1754891002,42809
28ch5ciiCpQ,1754891002,0
7liKTC5vTjk,1754891002,4305
a7wF8NHRMRM,1754891002,6184
m0pMoCSmfoY,1754891002,30674
aZPYoP9FXlw,1754891002,40910
JwmNWpihsvw,1754891002,11273
Sy4W2pmREQA,1754891002,197594
3cDG3v_QKzw,1754891002,626074
2YD_WyT-n5s,1754891002,910671
zd5uDlfDwgc,1754891002,778201
rYrdiQckGhw,1754891002,2031212
8e4pAXy1iZI,1754891002,26324179
ehnGYrg3Vaw,1754891002,911703
5wIGQLYqPKg,1754891002,74937
QSlta0EnGJo,1754891002,86368
BqU96agsIA8,1754891002,40016
4jZTIeLpK44,1754891002,98868
mDpz6rhOtFk,1754891002,133399
YzXEFrEaq34,1754891002,79687
mAOiLasRgbM,1754891002,16963
vo1Xp02rkw0,1754891002,58310
ZQy_ewysFYQ,1754891002,46088
CjDD_jkCypU,1754891002,17087
WvBFNqSrLzM,1754891002,984
qhSWXb9dqrk,1754891002,613
BDuX_KJU-IE,1754891002,545
Zn-glEmJbeY,1754891002,695
cOrXGO3vM6E,1754891002,505
JjSKMlicaL4,1754891002,439
3dSPBjWs7V4,1754891002,397
nDVRscNhE0k,1754891002,531
NjbH8Kf6yN8,1754891002,591
jSHL_u2rTcQ,1754891002,758
vbr0bAuwAB0,1754891002,758495
LzkZviZ6Gm8,1754891002,743466
U0d43eaoD-s,1754891002,1536884
lBVb_Ze4qwE,1754891002,2447102
1s1tBSkrK2M,1754891002,2155079
UYzbgJFc3o0,1754891002,1924938
RgQ20ZL-js0,1754891002,1684455
zrPxKLDHFiE,1754891002,1397762
95wUTeGHG1k,1754891002,2143477
AL7tCjIQNd8,1754891002,6482717
2KD9n_YX_pk,1754891002,18
8q4xY8NO7yQ,1754891002,38318825
eHnzGYHEdO0,1754891002,1298201
uvqD_VUZI24,1754891002,32390201
dtaJzUbQS7E,1754891002,40105076
tzeD9qz8Xxg,1754891002,423939
Ho4RK6z2CIM,1754891002,15028144
q2cr-qmPdj4,1754891002,428723
qkxuFKqJXWY,1754891002,90336407
AyafgNZZees,1754891002,36196022
yYKvqyFLQa0,1754891002,526108
NYdYI4U-igI,1754891002,1656487
X98dJS6Wat8,1754891002,2181249
enH6UQS6k5A,1754891002,0
QMwgXf-FkNY,1754891002,1332734
AgQ8RV3zn2A,1754891002,28200794
mPCDQ34S8Rs,1754891002,45693723
0Jbo2iY5GUc,1754891002,34374
c7QYEedjb_o,1754891002,65659300
Wcd2Mwth1wc,1754891002,148380
tk14aUbS11k,1754891002,2073400
yTRCjwyDjto,1754891002,285961
CW_zEDpfRNs,1754891002,2993568
CVXB1aLJu9E,1754891002,11127044
d-GNxuagzOo,1754891002,725703
8fkIXWhFi6U,1754891002,10353240
9yKxwlrY8Mo,1754891002,1054225
jM2M-Vvmhy8,1754891002,6756547
0e3GPea1Tyg,1754891002,863406352
-XOz29oYEwk,1754891002,5622499
a_hbm-IfisU,1754891002,13523401
aixsrtRBk-k,1754891002,5458171
3osoYB2KDiY,1754891002,5441695
3jjsWRtuNHk,1754891002,9492624
vz7-QXzrRjE,1754891002,810598
2ouoJki47PM,1754891002,525216
SBNth5Jrgu8,1754891002,7910596
94gFYHQkE10,1754891002,6841239
f8arGkuSYkI,1754891002,1134082
b3xFT19lMy8,1754891002,4199926
R4RWUsYsWGI,1754891002,2489636
tTMvOY5bBpI,1754891002,7594099
KNWdDN8Gba8,1754891002,4688594
OnI8W7lq2mw,1754891002,550141
DioEA6YBCrw,1754891002,150936
JrhAMzDmfkM,1754891002,525740
0_DjDdfqtUE,1754891002,8576353
xbf_H_gaWds,1754891002,64
mdtcSIAiqRc,1754891002,297390
mFuyX1XgJFg,1754891002,23428712
TXNQ01Sy6Xw,1754891002,873004
6BsLfl-93sg,1754891002,360703
GGMhQkHCjxo,1754891002,1080938
QkOJ16lrTuk,1754891002,186945
urTfEEsGHds,1754891002,43256169
8aExk3WHGN4,1754891002,275231
NzFkKazWhS4,1754891002,7175326
xwnBbIrZTXk,1754891002,7239712
s0GYRitnZgc,1754891002,5205124
cCkfdV7KmRA,1754891002,9053884
gN8yYxQtGN0,1754891002,11531943
nRCj8dKQtW4,1754891002,7645750
UxU3RceDIn0,1754891002,3713884
8EVR3ol_Blc,1754891002,10127194
78zUjUKrwlU,1754891002,13082298
te8TnCQhQBQ,1754891002,8719817
USTKFbZM8dk,1754891002,14651052
EYL2CTwX8uU,1754891002,9613629
Kq94xOLXbD4,1754891002,6592292
3gmBi1nVALc,1754891002,7003670
r2xces7Q5Dw,1754891002,10899790
nwZeR_NGatA,1754891002,23077203
NeGRNxfGLz0,1754891002,9500603
NDsO1LT_0lw,1754891002,214072902
zajUgQLviwk,1754891002,187367491
IoDVfXFq5cU,1754891002,65547851
dl956lVNcgE,1754891002,7574327
mXitTmfbLjk,1754891002,9
PKY_awAWqaY,1754891002,10
54Eu9Yzd7xc,1754891002,149483619
uyiG6uw-6pA,1754891002,172512382
aMSO38QHlFc,1754891002,52677
hTSaweR8qMI,1754891002,122265294
DZIASl9q90s,1754891002,151309524
aKq8bkY5eTU,1754891002,144269948
figrl0aOULs,1754891002,70477059
52iBKzh3oWU,1754891002,9930647
OakVnHqG1vk,1754891002,13787
Z4hVGCWH1Kc,1754891002,49855943
pzBi1nwDn8U,1754891002,120412982
-4GmbBoYQjE,1754891002,107744395
sF5LYGgKbUA,1754891002,132578089
yiK8LFfv6vw,1754891002,205297
lweGowjY-ks,1754891002,550
vQMlbzz_kzY,1754891002,6
8Mw8lhY0tIY,1754891002,204600
nGmXtRSiBXA,1754891002,265053
mi-8P6NaNt8,1754891002,18
nLKHUA9BqDk,1754891002,75595
OlVXn68GKG8,1754891002,1
PbR8Hw6_LY0,1754891002,0
s-rPnm0_ro8,1754891002,7450
8OKMKype2a8,1754891002,169935
Zowyi9JNIDw,1754891002,94
sjOd1-udvQU,1754891002,4
SQbPONwPzCc,1754891002,30
6aTGKJakA9I,1754891002,2815
pWK9G7eq63o,1754891002,1129826
nyG8XAmtYeQ,1754891002,2203562
EUe9UhcUtEI,1754891002,538463
pQgxiQAMTTo,1754891002,3072337
zn1T_IBI9-0,1754891002,497084
1zjcnnx7igc,1754891002,4941047
SzKkBOUvsAY,1754891002,1173813
IC32zBGdJok,1754891002,1820047
-_OS7eEJDP0,1754891002,271413
WUtVnZnhKIM,1754891002,1050546
w4FCkbPykdQ,1754891002,2919373
I1ixCSAc3bc,1754891002,1579923
tCDY1k1JGqw,1754891002,906562
LklUVkMPl8g,1754891002,4184230
R2tgByRCLzM,1754891002,2453996
QsYYNk-EeJA,1754891002,725934
4BmRrbxQCos,1754891002,2606818
fjjfpFvegBA,1754891002,113078
L3sOnIfU0QM,1754891002,388673
UuMFCfixvRw,1754891002,636522
anT-6-ENGeY,1754891002,274420
6yopF2H-_2Q,1754891002,274325
WXS-o57VJ5w,1754891002,1508019
Dsk0aIRrHb4,1754891002,2756180
lBfMwuqjLZw,1754891002,410051
7ckOuVgs4n4,1754891002,202777
SDQGg_K0FuY,1754891002,56866
rGF2kCVS1WY,1754891002,339037
JqOZreneog0,1754891002,991299
FMPYMwe6wD4,1754891002,1154676
OFIX5UrneJg,1754891002,292116
7Q4HDRRTnHQ,1754891002,228566
u_ILZQK5QvY,1754891002,219782
uo8ma_m6kOw,1754891002,58359
FXunxrN2irc,1754891002,599076
suRs5OnbKXg,1754891002,123112
6ouDb5znNGs,1754891002,392621
4KvpE1pA6fc,1754891002,553519
7ohtdHAYeB4,1754891002,489565
VKOYXcYmxow,1754891002,401947
jKCV7hXV2Wg,1754891002,74714
fPZRc5YiNqw,1754891002,274297
h_Us-1MiK-I,1754891002,347205
tVWHb2gh-rw,1754891002,391529
hfOTMuK9WrE,1754891002,130109
rnnaVoNJqFw,1754891002,114981
AW145q1Mv0A,1754891002,244886
QHcoCtutfOY,1754891002,135388
Tqsz6fjvhZM,1754891002,84240482
0guSWBSO8lo,1754891002,19459641
4prQ7CNaWsQ,1754891002,117381
tSrjpbFF9Yc,1754891002,3567759
Iu9FeuQQqPo,1754891002,11130460
wQA68Oqr1qE,1754891002,93219078
fPojDABqrW8,1754891002,380606
z12bz7adLKI,1754891002,56084920
70b9p7Gyuo4,1754891002,1307352
CZzZILELPEI,1754891002,84719
eapsuOU8YUc,1754891002,1497171
DsQUss6pXEQ,1754891002,65529
IEfBBYmxtIo,1754891002,70591192
Fn677DfkhiU,1754891002,19922
47KEYTFaP5U,1754891002,22549
0GQdVGsqXYk,1754891002,3340969
XpCfTLpJ0SE,1754891002,765562
anQdpqTQrfY,1754891002,4331481
GVej_svhv44,1754891002,28544
VryvrvQfjNw,1754891002,1498810
7uDZYSgsY8c,1754891002,53486
wPQo3ugAItY,1754891002,3909
F27lhwqxo2M,1754891002,42808
H9PtiRKmjfs,1754891002,45404
IFVQ6fVIYE0,1754891002,3967598
rxL98wiISt4,1754891002,23993
TFIowDha8QU,1754891002,3345352
UqC3CWhps0Q,1754891002,154879
QucS-SKxfV8,1754891002,1721340
oSQ_FJQkkBM,1754891002,15203
EMqXYfvvrdk,1754891002,14182
GQZpbOlVB1E,1754891002,121375
W8XVenDWg8Y,1754891002,78967
XtBpaiwB9N4,1754891002,543594
rMGUA77z80E,1754891002,4059220
gol_p2aWrJg,1754891002,2053605
zouFjgkE_4Y,1754891002,5907425
6W0MmuehvWw,1754891002,215804
NbsHgE89qO4,1754891002,2986820
vLefsklLkqQ,1754891002,6142943
xLaLpMeOyHk,1754891002,5694899
77omYd0JOeA,1754891002,9710587
_CPxe8yql0Q,1754891002,2445642
xjdPtBofH7s,1754891002,3689514
89zdHsb2pWU,1754891002,6085887
kUYzuAJeg3M,1754891002,11047613
lfyqGPqAjbI,1754891002,1277335
5BDnDiX-ZHk,1754891002,1167873
kH0Yw0R84i0,1754891002,3123467
qiJMdfj9NmI,1754891002,849011
RygikaUoRU4,1754891002,1572356
Nb1PrONDHhk,1754891002,3268080
tHvxyuQQtKQ,1754891002,1672843
mzwwofB5_Nc,1754891002,1756222
KswUfPnTwvQ,1754891002,1736340
t5eL9Wuj2fA,1754891002,225734
h0ZMhhquL8c,1754891002,2959305
OhtTX51qPYk,1754891002,1106699
tJ97-5AACBw,1754891002,999150
AvVFy3Feb1U,1754891002,1657347
Xosn4ManeD4,1754891002,6801290
H6q6pYZ9Fho,1754891002,7458291
4HLXU8QYCoM,1754891002,860309
dFVrncgIvos,1754891002,7326878
lcjdwSY2AzM,1754891002,8564094
zaXKQ70q4KQ,1754891002,7494747
Ni82f1-cAXg,1754891002,11510189
DJO_9auJhJQ,1754891002,11279929
Q10_srZ-pbs,1754891002,13634225
Dum0bqWfiGw,1754891002,2806358
20vUNgRdB4o,1754891002,7566850
24GfgNtnjXc,1754891002,7785781
IFaAjR_RRJs,1754891002,8059311
5Hyy1zRZPiQ,1754891002,1304754
DPuVXWhFDAc,1754891002,56842
zB_OApdxcno,1754891002,5653446
vUDR24T5iNc,1754891002,365
zTDFhWWPZ4Q,1754891002,11364161
88bMVbx1dzM,1754891002,13425280
_cr46G2K5Fo,1754891002,10731667
CM0aohBfUTc,1754891002,2592973
bAheaIJ2_xE,1754891002,747271
rjXZzB5bUAo,1754891002,1746128
MCoWLoV2aAc,1754891002,15376
qJZ1Ez28C-A,1754891002,12434583
cUBz04LlLVk,1754891002,8348098
2oDXbFcHliM,1754891002,7168114
Rdj5-6t6QI8,1754891002,7473449
Q56PMJbCFXQ,1754891002,14753233
c7VXfjwwJ3g,1754891002,53224
CbXDGJQFydk,1754891002,229882
g4AzuXhr9pg,1754891002,322682
FkDj42JFXNc,1754891002,638439
bhSHGbTH8bw,1754891002,230954
CdI4SPEhPFw,1754891002,33630
zC5PkzntzVU,1754891002,425959
zq0LPmtvuNw,1754891002,1600796
cpziRTy0nB0,1754891002,350069
wsO56PhXPcY,1754891002,140702
GeCXZHXVTac,1754891002,1657534
T7PCuydUfxo,1754891002,375423
o1J6pK91r5c,1754891002,833083
9QYzIHGm-HI,1754891002,172012
gpZkl3B26t8,1754891002,20030
bOwL3RozqEs,1754891002,750678
RmJpt4vTXWo,1754891002,307646
8FaxXSlxtYI,1754891002,337536
xNZJ-T_iUzA,1754891002,13
fb15ZVSe-uc,1754891002,148314
bkUgGCZdIg8,1754891002,210585
JGmgZWkLZ2c,1754891002,792292
JVGLE26TvOM,1754891002,179204
54SSKAjFrWs,1754891002,4171406
8Um2KXy7xKE,1754891002,266322
71gkJXaw_xU,1754891002,155981
EnZykNKky_c,1754891002,142
-Lxlbfx8Nyo,1754891002,540
hg4U58mgzBI,1754891002,61
d9akfWnDcyc,1754891002,306958
SvMr27HLLFc,1754891002,291
oqMFGaboi4I,1754891002,18689
xeukKXBlq9E,1754891002,390976
kMMKrf1RQTo,1754891002,19748657
UDbLyCUKLn4,1754891002,13308074
LWyxWLHUqhw,1754891002,614
tKI7UO473BA,1754891002,4364
9WjWxpX0IqA,1754891002,7759
RZxbl9s0mEI,1754891002,23
BvAK1jdYoFY,1754891002,2171371
qaH2Ngyoc3Q,1754891002,21805949
FIxGBmBcXQg,1754891002,15401527
uIi4Mgklhy8,1754891002,525001
yfdWFqDvYGE,1754891002,5471549
d2OkNZXHY6w,1754891002,7908
kXtDMAg3HgE,1754891002,2188449
Srk0vpgh4aw,1754891002,2635148
GLmcKIyftfw,1754891002,1876
pT8dCQ4Juyk,1754891002,586
PWmG1sMqv3A,1754891002,1285395
wTHn63L4w48,1754891002,1121
DhRUHNy4Vyk,1754891002,149
1oXw_kXdF1I,1754891002,6971427
kHeDG7YTcrA,1754891002,1461672
nQNxGoazZd4,1754891002,24843
hnhvju7MKIQ,1754891002,321873
hkbjpxQYMp8,1754891002,19722918
3cHI8TpBm-g,1754891002,6963
uYH_b7hwNz4,1754891002,902313
05ZqAFpEo8E,1754891002,20064361
Qc9ohCWvSLQ,1754891002,893029
F8UMC4OtRsw,1754891002,9744146
bsM9nLJulwQ,1754891002,3413
8vyQeh_BLG4,1754891002,3223
siNxsw69QO8,1754891002,1169967
lWyAJv-r_eY,1754891002,15168666
TKJ7omQc_Ks,1754891002,5186
0F2trytZqZ4,1754891002,3117
d0VUhyJHOu0,1754891002,8775
EDD2wuN-BJ0,1754891002,202534
72gdIjo78oQ,1754891002,73921229
qQKiEFaIsqo,1754891002,17333738
AsySerSXCNY,1754891002,1025
E_qpd7rosRo,1754891002,2088443
4K1bCLUl9cs,1754891002,2345019
_3JfUMyhWGo,1754891002,2508620
eJwODdl3AHk,1754891002,10779068
ahQEHoYdtsw,1754891002,43888196
hLicgFbh9Fo,1754891002,1042196
PTe1OXYRSUs,1754891002,3829714
bHT6aQN2u0I,1754891002,23307253
GN13e1UTtB0,1754891002,13170109
5D1he7SFycs,1754891002,19424415
ptG9mYGQYKY,1754891002,5399346
iGY_zi7akEY,1754891002,213484
7v7rH0iMBE8,1754891002,3015018
qJWysCaxZyo,1754891002,8479730
IdCFk6I84yo,1754891002,100436
dHrrzu-Mymk,1754891002,142799
9NKXLNRFneY,1754891002,6
HBg_8mvv7IQ,1754891002,5788
qmXZdM-PV70,1754891002,127963
PuvloOxf5Vk,1754891002,498
gJ55tVq3VxY,1754891002,180964
bzr3JbBrUzk,1754891002,85331
CsRa2mXmLd0,1754891002,353
C9Qfcjf7L-I,1754891002,46781811
wVyu7NB7W6Y,1754891002,9587110
eLVAMG_3fLg,1754891002,4702329
w5ebcowAJD8,1754891002,8521298
Sn07AMCfaAI,1754891002,4804187
xkI2aTneNiY,1754891002,300
qf7ws2DF-zk,1754891002,7283310
vjDYfvPW4mA,1754891002,12616172
1NkBfLBov5Q,1754891002,11829118
k_64RigP1Fk,1754891002,2205055
pXx5Q9OY68Q,1754891002,4969130
6vrmKn3cMP8,1754891002,438485
m-Haf79ygQY,1754891002,676074
cmp7rV2aZhM,1754891002,45359
k06c8LduVog,1754891002,1787412
oCPVNLLo-mI,1754891002,18410442
UKiiiCEU8fw,1754891002,490343
5PYjFLMoxOg,1754891002,1805809
t5cJB6JL0_k,1754891002,13222370
_o3LEwBSHcc,1754891002,300171
dXgYv4QWq6s,1754891002,607496
JHuf1Hu7ApU,1754891002,847337
ft2uIYucsXo,1754891002,3500857
6ZdSoJxIiHg,1754891002,826083
I8spvx01nOY,1754891002,69108
KDSL5r6zUMc,1754891002,2378366
JnLcUxV1dPo,1754891002,967511
4ilbmf3OXBM,1754891002,1634363
KMvCWFCoVN4,1754891002,1412189
1HNMzAv8RVM,1754891002,136598
mDvxw8u2avo,1754891002,43482
5l4I-caLoxY,1754891002,4999800
i3YZeOPQZ-k,1754891002,1966413
SibnBH4Htjo,1754891002,3127726
FUNAfNX3fUg,1754891002,72226
XK6RF8CZ9-I,1754891002,560100
H0r1bPOmil0,1754891002,4440675
qLcMkAzky24,1754891002,6018517
73yhB56dfrU,1754891002,155
LAnEggb9U0E,1754891002,210
bih-g5GoHnc,1754891002,13386
URC125wpMS4,1754891002,6521731
l1knCR6xAzo,1754891002,3874615
dOFlwF_36rY,1754891002,302953
qNS2jj2w-GI,1754891002,3883571
qFVc7kpDzD0,1754891002,147
DpwUud0RaVQ,1754891002,10372565
32rPyH7Derc,1754891002,460
